[transformers] The fast path is not available because one of the required library is not installed. Falling back to torch implementation. To install follow https://github.com/fla-org/flash-linear-attention#installation and https://github.com/Dao-AILab/causal-conv1d
Loading weights:   0%|          | 0/473 [00:00<?, ?it/s]Loading weights: 100%|██████████| 473/473 [00:00<00:00, 17753.87it/s]
{
  "status": "MODULES_TRAINED",
  "steps": 1962,
  "best_dev_selection_loss": 8.942732998657991,
  "checkpoint": "/home/liu/CED/results/training/20260919-225836-continue-5m/chunk02-1m/modules/modules.pt",
  "supervised_tokens": 1000000,
  "training_data": "fresh_natural_chunk",
  "chunk": {
    "chunk_index": 1,
    "start_effective_target": 1000000,
    "end_effective_target_exclusive": 2000000,
    "effective_targets": 1000000,
    "windows": 3923,
    "spans": [
      [
        3921,
        145,
        255
      ],
      [
        3922,
        0,
        255
      ],
      [
        3923,
        0,
        255
      ],
      [
        3924,
        0,
        255
      ],
      [
        3925,
        0,
        255
      ],
      [
        3926,
        0,
        255
      ],
      [
        3927,
        0,
        255
      ],
      [
        3928,
        0,
        255
      ],
      [
        3929,
        0,
        255
      ],
      [
        3930,
        0,
        255
      ],
      [
        3931,
        0,
        255
      ],
      [
        3932,
        0,
        255
      ],
      [
        3933,
        0,
        255
      ],
      [
        3934,
        0,
        255
      ],
      [
        3935,
        0,
        255
      ],
      [
        3936,
        0,
        255
      ],
      [
        3937,
        0,
        255
      ],
      [
        3938,
        0,
        255
      ],
      [
        3939,
        0,
        255
      ],
      [
        3940,
        0,
        255
      ],
      [
        3941,
        0,
        255
      ],
      [
        3942,
        0,
        255
      ],
      [
        3943,
        0,
        255
      ],
      [
        3944,
        0,
        255
      ],
      [
        3945,
        0,
        255
      ],
      [
        3946,
        0,
        255
      ],
      [
        3947,
        0,
        255
      ],
      [
        3948,
        0,
        255
      ],
      [
        3949,
        0,
        255
      ],
      [
        3950,
        0,
        255
      ],
      [
        3951,
        0,
        255
      ],
      [
        3952,
        0,
        255
      ],
      [
        3953,
        0,
        255
      ],
      [
        3954,
        0,
        255
      ],
      [
        3955,
        0,
        255
      ],
      [
        3956,
        0,
        255
      ],
      [
        3957,
        0,
        255
      ],
      [
        3958,
        0,
        255
      ],
      [
        3959,
        0,
        255
      ],
      [
        3960,
        0,
        255
      ],
      [
        3961,
        0,
        255
      ],
      [
        3962,
        0,
        255
      ],
      [
        3963,
        0,
        255
      ],
      [
        3964,
        0,
        255
      ],
      [
        3965,
        0,
        255
      ],
      [
        3966,
        0,
        255
      ],
      [
        3967,
        0,
        255
      ],
      [
        3968,
        0,
        255
      ],
      [
        3969,
        0,
        255
      ],
      [
        3970,
        0,
        255
      ],
      [
        3971,
        0,
        255
      ],
      [
        3972,
        0,
        255
      ],
      [
        3973,
        0,
        255
      ],
      [
        3974,
        0,
        255
      ],
      [
        3975,
        0,
        255
      ],
      [
        3976,
        0,
        255
      ],
      [
        3977,
        0,
        255
      ],
      [
        3978,
        0,
        255
      ],
      [
        3979,
        0,
        255
      ],
      [
        3980,
        0,
        255
      ],
      [
        3981,
        0,
        255
      ],
      [
        3982,
        0,
        255
      ],
      [
        3983,
        0,
        255
      ],
      [
        3984,
        0,
        255
      ],
      [
        3985,
        0,
        255
      ],
      [
        3986,
        0,
        255
      ],
      [
        3987,
        0,
        255
      ],
      [
        3988,
        0,
        255
      ],
      [
        3989,
        0,
        255
      ],
      [
        3990,
        0,
        255
      ],
      [
        3991,
        0,
        255
      ],
      [
        3992,
        0,
        255
      ],
      [
        3993,
        0,
        255
      ],
      [
        3994,
        0,
        255
      ],
      [
        3995,
        0,
        255
      ],
      [
        3996,
        0,
        255
      ],
      [
        3997,
        0,
        255
      ],
      [
        3998,
        0,
        255
      ],
      [
        3999,
        0,
        255
      ],
      [
        4000,
        0,
        255
      ],
      [
        4001,
        0,
        255
      ],
      [
        4002,
        0,
        255
      ],
      [
        4003,
        0,
        255
      ],
      [
        4004,
        0,
        255
      ],
      [
        4005,
        0,
        255
      ],
      [
        4006,
        0,
        255
      ],
      [
        4007,
        0,
        255
      ],
      [
        4008,
        0,
        255
      ],
      [
        4009,
        0,
        255
      ],
      [
        4010,
        0,
        255
      ],
      [
        4011,
        0,
        255
      ],
      [
        4012,
        0,
        255
      ],
      [
        4013,
        0,
        255
      ],
      [
        4014,
        0,
        255
      ],
      [
        4015,
        0,
        255
      ],
      [
        4016,
        0,
        255
      ],
      [
        4017,
        0,
        255
      ],
      [
        4018,
        0,
        255
      ],
      [
        4019,
        0,
        255
      ],
      [
        4020,
        0,
        255
      ],
      [
        4021,
        0,
        255
      ],
      [
        4022,
        0,
        255
      ],
      [
        4023,
        0,
        255
      ],
      [
        4024,
        0,
        255
      ],
      [
        4025,
        0,
        255
      ],
      [
        4026,
        0,
        255
      ],
      [
        4027,
        0,
        255
      ],
      [
        4028,
        0,
        255
      ],
      [
        4029,
        0,
        255
      ],
      [
        4030,
        0,
        255
      ],
      [
        4031,
        0,
        255
      ],
      [
        4032,
        0,
        255
      ],
      [
        4033,
        0,
        255
      ],
      [
        4034,
        0,
        255
      ],
      [
        4035,
        0,
        255
      ],
      [
        4036,
        0,
        255
      ],
      [
        4037,
        0,
        255
      ],
      [
        4038,
        0,
        255
      ],
      [
        4039,
        0,
        255
      ],
      [
        4040,
        0,
        255
      ],
      [
        4041,
        0,
        255
      ],
      [
        4042,
        0,
        255
      ],
      [
        4043,
        0,
        255
      ],
      [
        4044,
        0,
        255
      ],
      [
        4045,
        0,
        255
      ],
      [
        4046,
        0,
        255
      ],
      [
        4047,
        0,
        255
      ],
      [
        4048,
        0,
        255
      ],
      [
        4049,
        0,
        255
      ],
      [
        4050,
        0,
        255
      ],
      [
        4051,
        0,
        255
      ],
      [
        4052,
        0,
        255
      ],
      [
        4053,
        0,
        255
      ],
      [
        4054,
        0,
        255
      ],
      [
        4055,
        0,
        255
      ],
      [
        4056,
        0,
        255
      ],
      [
        4057,
        0,
        255
      ],
      [
        4058,
        0,
        255
      ],
      [
        4059,
        0,
        255
      ],
      [
        4060,
        0,
        255
      ],
      [
        4061,
        0,
        255
      ],
      [
        4062,
        0,
        255
      ],
      [
        4063,
        0,
        255
      ],
      [
        4064,
        0,
        255
      ],
      [
        4065,
        0,
        255
      ],
      [
        4066,
        0,
        255
      ],
      [
        4067,
        0,
        255
      ],
      [
        4068,
        0,
        255
      ],
      [
        4069,
        0,
        255
      ],
      [
        4070,
        0,
        255
      ],
      [
        4071,
        0,
        255
      ],
      [
        4072,
        0,
        255
      ],
      [
        4073,
        0,
        255
      ],
      [
        4074,
        0,
        255
      ],
      [
        4075,
        0,
        255
      ],
      [
        4076,
        0,
        255
      ],
      [
        4077,
        0,
        255
      ],
      [
        4078,
        0,
        255
      ],
      [
        4079,
        0,
        255
      ],
      [
        4080,
        0,
        255
      ],
      [
        4081,
        0,
        255
      ],
      [
        4082,
        0,
        255
      ],
      [
        4083,
        0,
        255
      ],
      [
        4084,
        0,
        255
      ],
      [
        4085,
        0,
        255
      ],
      [
        4086,
        0,
        255
      ],
      [
        4087,
        0,
        255
      ],
      [
        4088,
        0,
        255
      ],
      [
        4089,
        0,
        255
      ],
      [
        4090,
        0,
        255
      ],
      [
        4091,
        0,
        255
      ],
      [
        4092,
        0,
        255
      ],
      [
        4093,
        0,
        255
      ],
      [
        4094,
        0,
        255
      ],
      [
        4095,
        0,
        255
      ],
      [
        4096,
        0,
        255
      ],
      [
        4097,
        0,
        255
      ],
      [
        4098,
        0,
        255
      ],
      [
        4099,
        0,
        255
      ],
      [
        4100,
        0,
        255
      ],
      [
        4101,
        0,
        255
      ],
      [
        4102,
        0,
        255
      ],
      [
        4103,
        0,
        255
      ],
      [
        4104,
        0,
        255
      ],
      [
        4105,
        0,
        255
      ],
      [
        4106,
        0,
        255
      ],
      [
        4107,
        0,
        255
      ],
      [
        4108,
        0,
        255
      ],
      [
        4109,
        0,
        255
      ],
      [
        4110,
        0,
        255
      ],
      [
        4111,
        0,
        255
      ],
      [
        4112,
        0,
        255
      ],
      [
        4113,
        0,
        255
      ],
      [
        4114,
        0,
        255
      ],
      [
        4115,
        0,
        255
      ],
      [
        4116,
        0,
        255
      ],
      [
        4117,
        0,
        255
      ],
      [
        4118,
        0,
        255
      ],
      [
        4119,
        0,
        255
      ],
      [
        4120,
        0,
        255
      ],
      [
        4121,
        0,
        255
      ],
      [
        4122,
        0,
        255
      ],
      [
        4123,
        0,
        255
      ],
      [
        4124,
        0,
        255
      ],
      [
        4125,
        0,
        255
      ],
      [
        4126,
        0,
        255
      ],
      [
        4127,
        0,
        255
      ],
      [
        4128,
        0,
        255
      ],
      [
        4129,
        0,
        255
      ],
      [
        4130,
        0,
        255
      ],
      [
        4131,
        0,
        255
      ],
      [
        4132,
        0,
        255
      ],
      [
        4133,
        0,
        255
      ],
      [
        4134,
        0,
        255
      ],
      [
        4135,
        0,
        255
      ],
      [
        4136,
        0,
        255
      ],
      [
        4137,
        0,
        255
      ],
      [
        4138,
        0,
        255
      ],
      [
        4139,
        0,
        255
      ],
      [
        4140,
        0,
        255
      ],
      [
        4141,
        0,
        255
      ],
      [
        4142,
        0,
        255
      ],
      [
        4143,
        0,
        255
      ],
      [
        4144,
        0,
        255
      ],
      [
        4145,
        0,
        255
      ],
      [
        4146,
        0,
        255
      ],
      [
        4147,
        0,
        255
      ],
      [
        4148,
        0,
        255
      ],
      [
        4149,
        0,
        255
      ],
      [
        4150,
        0,
        255
      ],
      [
        4151,
        0,
        255
      ],
      [
        4152,
        0,
        255
      ],
      [
        4153,
        0,
        255
      ],
      [
        4154,
        0,
        255
      ],
      [
        4155,
        0,
        255
      ],
      [
        4156,
        0,
        255
      ],
      [
        4157,
        0,
        255
      ],
      [
        4158,
        0,
        255
      ],
      [
        4159,
        0,
        255
      ],
      [
        4160,
        0,
        255
      ],
      [
        4161,
        0,
        255
      ],
      [
        4162,
        0,
        255
      ],
      [
        4163,
        0,
        255
      ],
      [
        4164,
        0,
        255
      ],
      [
        4165,
        0,
        255
      ],
      [
        4166,
        0,
        255
      ],
      [
        4167,
        0,
        255
      ],
      [
        4168,
        0,
        255
      ],
      [
        4169,
        0,
        255
      ],
      [
        4170,
        0,
        255
      ],
      [
        4171,
        0,
        255
      ],
      [
        4172,
        0,
        255
      ],
      [
        4173,
        0,
        255
      ],
      [
        4174,
        0,
        255
      ],
      [
        4175,
        0,
        255
      ],
      [
        4176,
        0,
        255
      ],
      [
        4177,
        0,
        255
      ],
      [
        4178,
        0,
        255
      ],
      [
        4179,
        0,
        255
      ],
      [
        4180,
        0,
        255
      ],
      [
        4181,
        0,
        255
      ],
      [
        4182,
        0,
        255
      ],
      [
        4183,
        0,
        255
      ],
      [
        4184,
        0,
        255
      ],
      [
        4185,
        0,
        255
      ],
      [
        4186,
        0,
        255
      ],
      [
        4187,
        0,
        255
      ],
      [
        4188,
        0,
        255
      ],
      [
        4189,
        0,
        255
      ],
      [
        4190,
        0,
        255
      ],
      [
        4191,
        0,
        255
      ],
      [
        4192,
        0,
        255
      ],
      [
        4193,
        0,
        255
      ],
      [
        4194,
        0,
        255
      ],
      [
        4195,
        0,
        255
      ],
      [
        4196,
        0,
        255
      ],
      [
        4197,
        0,
        255
      ],
      [
        4198,
        0,
        255
      ],
      [
        4199,
        0,
        255
      ],
      [
        4200,
        0,
        255
      ],
      [
        4201,
        0,
        255
      ],
      [
        4202,
        0,
        255
      ],
      [
        4203,
        0,
        255
      ],
      [
        4204,
        0,
        255
      ],
      [
        4205,
        0,
        255
      ],
      [
        4206,
        0,
        255
      ],
      [
        4207,
        0,
        255
      ],
      [
        4208,
        0,
        255
      ],
      [
        4209,
        0,
        255
      ],
      [
        4210,
        0,
        255
      ],
      [
        4211,
        0,
        255
      ],
      [
        4212,
        0,
        255
      ],
      [
        4213,
        0,
        255
      ],
      [
        4214,
        0,
        255
      ],
      [
        4215,
        0,
        255
      ],
      [
        4216,
        0,
        255
      ],
      [
        4217,
        0,
        255
      ],
      [
        4218,
        0,
        255
      ],
      [
        4219,
        0,
        255
      ],
      [
        4220,
        0,
        255
      ],
      [
        4221,
        0,
        255
      ],
      [
        4222,
        0,
        255
      ],
      [
        4223,
        0,
        255
      ],
      [
        4224,
        0,
        255
      ],
      [
        4225,
        0,
        255
      ],
      [
        4226,
        0,
        255
      ],
      [
        4227,
        0,
        255
      ],
      [
        4228,
        0,
        255
      ],
      [
        4229,
        0,
        255
      ],
      [
        4230,
        0,
        255
      ],
      [
        4231,
        0,
        255
      ],
      [
        4232,
        0,
        255
      ],
      [
        4233,
        0,
        255
      ],
      [
        4234,
        0,
        255
      ],
      [
        4235,
        0,
        255
      ],
      [
        4236,
        0,
        255
      ],
      [
        4237,
        0,
        255
      ],
      [
        4238,
        0,
        255
      ],
      [
        4239,
        0,
        255
      ],
      [
        4240,
        0,
        255
      ],
      [
        4241,
        0,
        255
      ],
      [
        4242,
        0,
        255
      ],
      [
        4243,
        0,
        255
      ],
      [
        4244,
        0,
        255
      ],
      [
        4245,
        0,
        255
      ],
      [
        4246,
        0,
        255
      ],
      [
        4247,
        0,
        255
      ],
      [
        4248,
        0,
        255
      ],
      [
        4249,
        0,
        255
      ],
      [
        4250,
        0,
        255
      ],
      [
        4251,
        0,
        255
      ],
      [
        4252,
        0,
        255
      ],
      [
        4253,
        0,
        255
      ],
      [
        4254,
        0,
        255
      ],
      [
        4255,
        0,
        255
      ],
      [
        4256,
        0,
        255
      ],
      [
        4257,
        0,
        255
      ],
      [
        4258,
        0,
        255
      ],
      [
        4259,
        0,
        255
      ],
      [
        4260,
        0,
        255
      ],
      [
        4261,
        0,
        255
      ],
      [
        4262,
        0,
        255
      ],
      [
        4263,
        0,
        255
      ],
      [
        4264,
        0,
        255
      ],
      [
        4265,
        0,
        255
      ],
      [
        4266,
        0,
        255
      ],
      [
        4267,
        0,
        255
      ],
      [
        4268,
        0,
        255
      ],
      [
        4269,
        0,
        255
      ],
      [
        4270,
        0,
        255
      ],
      [
        4271,
        0,
        255
      ],
      [
        4272,
        0,
        255
      ],
      [
        4273,
        0,
        255
      ],
      [
        4274,
        0,
        255
      ],
      [
        4275,
        0,
        255
      ],
      [
        4276,
        0,
        255
      ],
      [
        4277,
        0,
        255
      ],
      [
        4278,
        0,
        255
      ],
      [
        4279,
        0,
        255
      ],
      [
        4280,
        0,
        255
      ],
      [
        4281,
        0,
        255
      ],
      [
        4282,
        0,
        255
      ],
      [
        4283,
        0,
        255
      ],
      [
        4284,
        0,
        255
      ],
      [
        4285,
        0,
        255
      ],
      [
        4286,
        0,
        255
      ],
      [
        4287,
        0,
        255
      ],
      [
        4288,
        0,
        255
      ],
      [
        4289,
        0,
        255
      ],
      [
        4290,
        0,
        255
      ],
      [
        4291,
        0,
        255
      ],
      [
        4292,
        0,
        255
      ],
      [
        4293,
        0,
        255
      ],
      [
        4294,
        0,
        255
      ],
      [
        4295,
        0,
        255
      ],
      [
        4296,
        0,
        255
      ],
      [
        4297,
        0,
        255
      ],
      [
        4298,
        0,
        255
      ],
      [
        4299,
        0,
        255
      ],
      [
        4300,
        0,
        255
      ],
      [
        4301,
        0,
        255
      ],
      [
        4302,
        0,
        255
      ],
      [
        4303,
        0,
        255
      ],
      [
        4304,
        0,
        255
      ],
      [
        4305,
        0,
        255
      ],
      [
        4306,
        0,
        255
      ],
      [
        4307,
        0,
        255
      ],
      [
        4308,
        0,
        255
      ],
      [
        4309,
        0,
        255
      ],
      [
        4310,
        0,
        255
      ],
      [
        4311,
        0,
        255
      ],
      [
        4312,
        0,
        255
      ],
      [
        4313,
        0,
        255
      ],
      [
        4314,
        0,
        255
      ],
      [
        4315,
        0,
        255
      ],
      [
        4316,
        0,
        255
      ],
      [
        4317,
        0,
        255
      ],
      [
        4318,
        0,
        255
      ],
      [
        4319,
        0,
        255
      ],
      [
        4320,
        0,
        255
      ],
      [
        4321,
        0,
        255
      ],
      [
        4322,
        0,
        255
      ],
      [
        4323,
        0,
        255
      ],
      [
        4324,
        0,
        255
      ],
      [
        4325,
        0,
        255
      ],
      [
        4326,
        0,
        255
      ],
      [
        4327,
        0,
        255
      ],
      [
        4328,
        0,
        255
      ],
      [
        4329,
        0,
        255
      ],
      [
        4330,
        0,
        255
      ],
      [
        4331,
        0,
        255
      ],
      [
        4332,
        0,
        255
      ],
      [
        4333,
        0,
        255
      ],
      [
        4334,
        0,
        255
      ],
      [
        4335,
        0,
        255
      ],
      [
        4336,
        0,
        255
      ],
      [
        4337,
        0,
        255
      ],
      [
        4338,
        0,
        255
      ],
      [
        4339,
        0,
        255
      ],
      [
        4340,
        0,
        255
      ],
      [
        4341,
        0,
        255
      ],
      [
        4342,
        0,
        255
      ],
      [
        4343,
        0,
        255
      ],
      [
        4344,
        0,
        255
      ],
      [
        4345,
        0,
        255
      ],
      [
        4346,
        0,
        255
      ],
      [
        4347,
        0,
        255
      ],
      [
        4348,
        0,
        255
      ],
      [
        4349,
        0,
        255
      ],
      [
        4350,
        0,
        255
      ],
      [
        4351,
        0,
        255
      ],
      [
        4352,
        0,
        255
      ],
      [
        4353,
        0,
        255
      ],
      [
        4354,
        0,
        255
      ],
      [
        4355,
        0,
        255
      ],
      [
        4356,
        0,
        255
      ],
      [
        4357,
        0,
        255
      ],
      [
        4358,
        0,
        255
      ],
      [
        4359,
        0,
        255
      ],
      [
        4360,
        0,
        255
      ],
      [
        4361,
        0,
        255
      ],
      [
        4362,
        0,
        255
      ],
      [
        4363,
        0,
        255
      ],
      [
        4364,
        0,
        255
      ],
      [
        4365,
        0,
        255
      ],
      [
        4366,
        0,
        255
      ],
      [
        4367,
        0,
        255
      ],
      [
        4368,
        0,
        255
      ],
      [
        4369,
        0,
        255
      ],
      [
        4370,
        0,
        255
      ],
      [
        4371,
        0,
        255
      ],
      [
        4372,
        0,
        255
      ],
      [
        4373,
        0,
        255
      ],
      [
        4374,
        0,
        255
      ],
      [
        4375,
        0,
        255
      ],
      [
        4376,
        0,
        255
      ],
      [
        4377,
        0,
        255
      ],
      [
        4378,
        0,
        255
      ],
      [
        4379,
        0,
        255
      ],
      [
        4380,
        0,
        255
      ],
      [
        4381,
        0,
        255
      ],
      [
        4382,
        0,
        255
      ],
      [
        4383,
        0,
        255
      ],
      [
        4384,
        0,
        255
      ],
      [
        4385,
        0,
        255
      ],
      [
        4386,
        0,
        255
      ],
      [
        4387,
        0,
        255
      ],
      [
        4388,
        0,
        255
      ],
      [
        4389,
        0,
        255
      ],
      [
        4390,
        0,
        255
      ],
      [
        4391,
        0,
        255
      ],
      [
        4392,
        0,
        255
      ],
      [
        4393,
        0,
        255
      ],
      [
        4394,
        0,
        255
      ],
      [
        4395,
        0,
        255
      ],
      [
        4396,
        0,
        255
      ],
      [
        4397,
        0,
        255
      ],
      [
        4398,
        0,
        255
      ],
      [
        4399,
        0,
        255
      ],
      [
        4400,
        0,
        255
      ],
      [
        4401,
        0,
        255
      ],
      [
        4402,
        0,
        255
      ],
      [
        4403,
        0,
        255
      ],
      [
        4404,
        0,
        255
      ],
      [
        4405,
        0,
        255
      ],
      [
        4406,
        0,
        255
      ],
      [
        4407,
        0,
        255
      ],
      [
        4408,
        0,
        255
      ],
      [
        4409,
        0,
        255
      ],
      [
        4410,
        0,
        255
      ],
      [
        4411,
        0,
        255
      ],
      [
        4412,
        0,
        255
      ],
      [
        4413,
        0,
        255
      ],
      [
        4414,
        0,
        255
      ],
      [
        4415,
        0,
        255
      ],
      [
        4416,
        0,
        255
      ],
      [
        4417,
        0,
        255
      ],
      [
        4418,
        0,
        255
      ],
      [
        4419,
        0,
        255
      ],
      [
        4420,
        0,
        255
      ],
      [
        4421,
        0,
        255
      ],
      [
        4422,
        0,
        255
      ],
      [
        4423,
        0,
        255
      ],
      [
        4424,
        0,
        255
      ],
      [
        4425,
        0,
        255
      ],
      [
        4426,
        0,
        255
      ],
      [
        4427,
        0,
        255
      ],
      [
        4428,
        0,
        255
      ],
      [
        4429,
        0,
        255
      ],
      [
        4430,
        0,
        255
      ],
      [
        4431,
        0,
        255
      ],
      [
        4432,
        0,
        255
      ],
      [
        4433,
        0,
        255
      ],
      [
        4434,
        0,
        255
      ],
      [
        4435,
        0,
        255
      ],
      [
        4436,
        0,
        255
      ],
      [
        4437,
        0,
        255
      ],
      [
        4438,
        0,
        255
      ],
      [
        4439,
        0,
        255
      ],
      [
        4440,
        0,
        255
      ],
      [
        4441,
        0,
        255
      ],
      [
        4442,
        0,
        255
      ],
      [
        4443,
        0,
        255
      ],
      [
        4444,
        0,
        255
      ],
      [
        4445,
        0,
        255
      ],
      [
        4446,
        0,
        255
      ],
      [
        4447,
        0,
        255
      ],
      [
        4448,
        0,
        255
      ],
      [
        4449,
        0,
        255
      ],
      [
        4450,
        0,
        255
      ],
      [
        4451,
        0,
        255
      ],
      [
        4452,
        0,
        255
      ],
      [
        4453,
        0,
        255
      ],
      [
        4454,
        0,
        255
      ],
      [
        4455,
        0,
        255
      ],
      [
        4456,
        0,
        255
      ],
      [
        4457,
        0,
        255
      ],
      [
        4458,
        0,
        255
      ],
      [
        4459,
        0,
        255
      ],
      [
        4460,
        0,
        255
      ],
      [
        4461,
        0,
        255
      ],
      [
        4462,
        0,
        255
      ],
      [
        4463,
        0,
        255
      ],
      [
        4464,
        0,
        255
      ],
      [
        4465,
        0,
        255
      ],
      [
        4466,
        0,
        255
      ],
      [
        4467,
        0,
        255
      ],
      [
        4468,
        0,
        255
      ],
      [
        4469,
        0,
        255
      ],
      [
        4470,
        0,
        255
      ],
      [
        4471,
        0,
        255
      ],
      [
        4472,
        0,
        255
      ],
      [
        4473,
        0,
        255
      ],
      [
        4474,
        0,
        255
      ],
      [
        4475,
        0,
        255
      ],
      [
        4476,
        0,
        255
      ],
      [
        4477,
        0,
        255
      ],
      [
        4478,
        0,
        255
      ],
      [
        4479,
        0,
        255
      ],
      [
        4480,
        0,
        255
      ],
      [
        4481,
        0,
        255
      ],
      [
        4482,
        0,
        255
      ],
      [
        4483,
        0,
        255
      ],
      [
        4484,
        0,
        255
      ],
      [
        4485,
        0,
        255
      ],
      [
        4486,
        0,
        255
      ],
      [
        4487,
        0,
        255
      ],
      [
        4488,
        0,
        255
      ],
      [
        4489,
        0,
        255
      ],
      [
        4490,
        0,
        255
      ],
      [
        4491,
        0,
        255
      ],
      [
        4492,
        0,
        255
      ],
      [
        4493,
        0,
        255
      ],
      [
        4494,
        0,
        255
      ],
      [
        4495,
        0,
        255
      ],
      [
        4496,
        0,
        255
      ],
      [
        4497,
        0,
        255
      ],
      [
        4498,
        0,
        255
      ],
      [
        4499,
        0,
        255
      ],
      [
        4500,
        0,
        255
      ],
      [
        4501,
        0,
        255
      ],
      [
        4502,
        0,
        255
      ],
      [
        4503,
        0,
        255
      ],
      [
        4504,
        0,
        255
      ],
      [
        4505,
        0,
        255
      ],
      [
        4506,
        0,
        255
      ],
      [
        4507,
        0,
        255
      ],
      [
        4508,
        0,
        255
      ],
      [
        4509,
        0,
        255
      ],
      [
        4510,
        0,
        255
      ],
      [
        4511,
        0,
        255
      ],
      [
        4512,
        0,
        255
      ],
      [
        4513,
        0,
        255
      ],
      [
        4514,
        0,
        255
      ],
      [
        4515,
        0,
        255
      ],
      [
        4516,
        0,
        255
      ],
      [
        4517,
        0,
        255
      ],
      [
        4518,
        0,
        255
      ],
      [
        4519,
        0,
        255
      ],
      [
        4520,
        0,
        255
      ],
      [
        4521,
        0,
        255
      ],
      [
        4522,
        0,
        255
      ],
      [
        4523,
        0,
        255
      ],
      [
        4524,
        0,
        255
      ],
      [
        4525,
        0,
        255
      ],
      [
        4526,
        0,
        255
      ],
      [
        4527,
        0,
        255
      ],
      [
        4528,
        0,
        255
      ],
      [
        4529,
        0,
        255
      ],
      [
        4530,
        0,
        255
      ],
      [
        4531,
        0,
        255
      ],
      [
        4532,
        0,
        255
      ],
      [
        4533,
        0,
        255
      ],
      [
        4534,
        0,
        255
      ],
      [
        4535,
        0,
        255
      ],
      [
        4536,
        0,
        255
      ],
      [
        4537,
        0,
        255
      ],
      [
        4538,
        0,
        255
      ],
      [
        4539,
        0,
        255
      ],
      [
        4540,
        0,
        255
      ],
      [
        4541,
        0,
        255
      ],
      [
        4542,
        0,
        255
      ],
      [
        4543,
        0,
        255
      ],
      [
        4544,
        0,
        255
      ],
      [
        4545,
        0,
        255
      ],
      [
        4546,
        0,
        255
      ],
      [
        4547,
        0,
        255
      ],
      [
        4548,
        0,
        255
      ],
      [
        4549,
        0,
        255
      ],
      [
        4550,
        0,
        255
      ],
      [
        4551,
        0,
        255
      ],
      [
        4552,
        0,
        255
      ],
      [
        4553,
        0,
        255
      ],
      [
        4554,
        0,
        255
      ],
      [
        4555,
        0,
        255
      ],
      [
        4556,
        0,
        255
      ],
      [
        4557,
        0,
        255
      ],
      [
        4558,
        0,
        255
      ],
      [
        4559,
        0,
        255
      ],
      [
        4560,
        0,
        255
      ],
      [
        4561,
        0,
        255
      ],
      [
        4562,
        0,
        255
      ],
      [
        4563,
        0,
        255
      ],
      [
        4564,
        0,
        255
      ],
      [
        4565,
        0,
        255
      ],
      [
        4566,
        0,
        255
      ],
      [
        4567,
        0,
        255
      ],
      [
        4568,
        0,
        255
      ],
      [
        4569,
        0,
        255
      ],
      [
        4570,
        0,
        255
      ],
      [
        4571,
        0,
        255
      ],
      [
        4572,
        0,
        255
      ],
      [
        4573,
        0,
        255
      ],
      [
        4574,
        0,
        255
      ],
      [
        4575,
        0,
        255
      ],
      [
        4576,
        0,
        255
      ],
      [
        4577,
        0,
        255
      ],
      [
        4578,
        0,
        255
      ],
      [
        4579,
        0,
        255
      ],
      [
        4580,
        0,
        255
      ],
      [
        4581,
        0,
        255
      ],
      [
        4582,
        0,
        255
      ],
      [
        4583,
        0,
        255
      ],
      [
        4584,
        0,
        255
      ],
      [
        4585,
        0,
        255
      ],
      [
        4586,
        0,
        255
      ],
      [
        4587,
        0,
        255
      ],
      [
        4588,
        0,
        255
      ],
      [
        4589,
        0,
        255
      ],
      [
        4590,
        0,
        255
      ],
      [
        4591,
        0,
        255
      ],
      [
        4592,
        0,
        255
      ],
      [
        4593,
        0,
        255
      ],
      [
        4594,
        0,
        255
      ],
      [
        4595,
        0,
        255
      ],
      [
        4596,
        0,
        255
      ],
      [
        4597,
        0,
        255
      ],
      [
        4598,
        0,
        255
      ],
      [
        4599,
        0,
        255
      ],
      [
        4600,
        0,
        255
      ],
      [
        4601,
        0,
        255
      ],
      [
        4602,
        0,
        255
      ],
      [
        4603,
        0,
        255
      ],
      [
        4604,
        0,
        255
      ],
      [
        4605,
        0,
        255
      ],
      [
        4606,
        0,
        255
      ],
      [
        4607,
        0,
        255
      ],
      [
        4608,
        0,
        255
      ],
      [
        4609,
        0,
        255
      ],
      [
        4610,
        0,
        255
      ],
      [
        4611,
        0,
        255
      ],
      [
        4612,
        0,
        255
      ],
      [
        4613,
        0,
        255
      ],
      [
        4614,
        0,
        255
      ],
      [
        4615,
        0,
        255
      ],
      [
        4616,
        0,
        255
      ],
      [
        4617,
        0,
        255
      ],
      [
        4618,
        0,
        255
      ],
      [
        4619,
        0,
        255
      ],
      [
        4620,
        0,
        255
      ],
      [
        4621,
        0,
        255
      ],
      [
        4622,
        0,
        255
      ],
      [
        4623,
        0,
        255
      ],
      [
        4624,
        0,
        255
      ],
      [
        4625,
        0,
        255
      ],
      [
        4626,
        0,
        255
      ],
      [
        4627,
        0,
        255
      ],
      [
        4628,
        0,
        255
      ],
      [
        4629,
        0,
        255
      ],
      [
        4630,
        0,
        255
      ],
      [
        4631,
        0,
        255
      ],
      [
        4632,
        0,
        255
      ],
      [
        4633,
        0,
        255
      ],
      [
        4634,
        0,
        255
      ],
      [
        4635,
        0,
        255
      ],
      [
        4636,
        0,
        255
      ],
      [
        4637,
        0,
        255
      ],
      [
        4638,
        0,
        255
      ],
      [
        4639,
        0,
        255
      ],
      [
        4640,
        0,
        255
      ],
      [
        4641,
        0,
        255
      ],
      [
        4642,
        0,
        255
      ],
      [
        4643,
        0,
        255
      ],
      [
        4644,
        0,
        255
      ],
      [
        4645,
        0,
        255
      ],
      [
        4646,
        0,
        255
      ],
      [
        4647,
        0,
        255
      ],
      [
        4648,
        0,
        255
      ],
      [
        4649,
        0,
        255
      ],
      [
        4650,
        0,
        255
      ],
      [
        4651,
        0,
        255
      ],
      [
        4652,
        0,
        255
      ],
      [
        4653,
        0,
        255
      ],
      [
        4654,
        0,
        255
      ],
      [
        4655,
        0,
        255
      ],
      [
        4656,
        0,
        255
      ],
      [
        4657,
        0,
        255
      ],
      [
        4658,
        0,
        255
      ],
      [
        4659,
        0,
        255
      ],
      [
        4660,
        0,
        255
      ],
      [
        4661,
        0,
        255
      ],
      [
        4662,
        0,
        255
      ],
      [
        4663,
        0,
        255
      ],
      [
        4664,
        0,
        255
      ],
      [
        4665,
        0,
        255
      ],
      [
        4666,
        0,
        255
      ],
      [
        4667,
        0,
        255
      ],
      [
        4668,
        0,
        255
      ],
      [
        4669,
        0,
        255
      ],
      [
        4670,
        0,
        255
      ],
      [
        4671,
        0,
        255
      ],
      [
        4672,
        0,
        255
      ],
      [
        4673,
        0,
        255
      ],
      [
        4674,
        0,
        255
      ],
      [
        4675,
        0,
        255
      ],
      [
        4676,
        0,
        255
      ],
      [
        4677,
        0,
        255
      ],
      [
        4678,
        0,
        255
      ],
      [
        4679,
        0,
        255
      ],
      [
        4680,
        0,
        255
      ],
      [
        4681,
        0,
        255
      ],
      [
        4682,
        0,
        255
      ],
      [
        4683,
        0,
        255
      ],
      [
        4684,
        0,
        255
      ],
      [
        4685,
        0,
        255
      ],
      [
        4686,
        0,
        255
      ],
      [
        4687,
        0,
        255
      ],
      [
        4688,
        0,
        255
      ],
      [
        4689,
        0,
        255
      ],
      [
        4690,
        0,
        255
      ],
      [
        4691,
        0,
        255
      ],
      [
        4692,
        0,
        255
      ],
      [
        4693,
        0,
        255
      ],
      [
        4694,
        0,
        255
      ],
      [
        4695,
        0,
        255
      ],
      [
        4696,
        0,
        255
      ],
      [
        4697,
        0,
        255
      ],
      [
        4698,
        0,
        255
      ],
      [
        4699,
        0,
        255
      ],
      [
        4700,
        0,
        255
      ],
      [
        4701,
        0,
        255
      ],
      [
        4702,
        0,
        255
      ],
      [
        4703,
        0,
        255
      ],
      [
        4704,
        0,
        255
      ],
      [
        4705,
        0,
        255
      ],
      [
        4706,
        0,
        255
      ],
      [
        4707,
        0,
        255
      ],
      [
        4708,
        0,
        255
      ],
      [
        4709,
        0,
        255
      ],
      [
        4710,
        0,
        255
      ],
      [
        4711,
        0,
        255
      ],
      [
        4712,
        0,
        255
      ],
      [
        4713,
        0,
        255
      ],
      [
        4714,
        0,
        255
      ],
      [
        4715,
        0,
        255
      ],
      [
        4716,
        0,
        255
      ],
      [
        4717,
        0,
        255
      ],
      [
        4718,
        0,
        255
      ],
      [
        4719,
        0,
        255
      ],
      [
        4720,
        0,
        255
      ],
      [
        4721,
        0,
        255
      ],
      [
        4722,
        0,
        255
      ],
      [
        4723,
        0,
        255
      ],
      [
        4724,
        0,
        255
      ],
      [
        4725,
        0,
        255
      ],
      [
        4726,
        0,
        255
      ],
      [
        4727,
        0,
        255
      ],
      [
        4728,
        0,
        255
      ],
      [
        4729,
        0,
        255
      ],
      [
        4730,
        0,
        255
      ],
      [
        4731,
        0,
        255
      ],
      [
        4732,
        0,
        255
      ],
      [
        4733,
        0,
        255
      ],
      [
        4734,
        0,
        255
      ],
      [
        4735,
        0,
        255
      ],
      [
        4736,
        0,
        255
      ],
      [
        4737,
        0,
        255
      ],
      [
        4738,
        0,
        255
      ],
      [
        4739,
        0,
        255
      ],
      [
        4740,
        0,
        255
      ],
      [
        4741,
        0,
        255
      ],
      [
        4742,
        0,
        255
      ],
      [
        4743,
        0,
        255
      ],
      [
        4744,
        0,
        255
      ],
      [
        4745,
        0,
        255
      ],
      [
        4746,
        0,
        255
      ],
      [
        4747,
        0,
        255
      ],
      [
        4748,
        0,
        255
      ],
      [
        4749,
        0,
        255
      ],
      [
        4750,
        0,
        255
      ],
      [
        4751,
        0,
        255
      ],
      [
        4752,
        0,
        255
      ],
      [
        4753,
        0,
        255
      ],
      [
        4754,
        0,
        255
      ],
      [
        4755,
        0,
        255
      ],
      [
        4756,
        0,
        255
      ],
      [
        4757,
        0,
        255
      ],
      [
        4758,
        0,
        255
      ],
      [
        4759,
        0,
        255
      ],
      [
        4760,
        0,
        255
      ],
      [
        4761,
        0,
        255
      ],
      [
        4762,
        0,
        255
      ],
      [
        4763,
        0,
        255
      ],
      [
        4764,
        0,
        255
      ],
      [
        4765,
        0,
        255
      ],
      [
        4766,
        0,
        255
      ],
      [
        4767,
        0,
        255
      ],
      [
        4768,
        0,
        255
      ],
      [
        4769,
        0,
        255
      ],
      [
        4770,
        0,
        255
      ],
      [
        4771,
        0,
        255
      ],
      [
        4772,
        0,
        255
      ],
      [
        4773,
        0,
        255
      ],
      [
        4774,
        0,
        255
      ],
      [
        4775,
        0,
        255
      ],
      [
        4776,
        0,
        255
      ],
      [
        4777,
        0,
        255
      ],
      [
        4778,
        0,
        255
      ],
      [
        4779,
        0,
        255
      ],
      [
        4780,
        0,
        255
      ],
      [
        4781,
        0,
        255
      ],
      [
        4782,
        0,
        255
      ],
      [
        4783,
        0,
        255
      ],
      [
        4784,
        0,
        255
      ],
      [
        4785,
        0,
        255
      ],
      [
        4786,
        0,
        255
      ],
      [
        4787,
        0,
        255
      ],
      [
        4788,
        0,
        255
      ],
      [
        4789,
        0,
        255
      ],
      [
        4790,
        0,
        255
      ],
      [
        4791,
        0,
        255
      ],
      [
        4792,
        0,
        255
      ],
      [
        4793,
        0,
        255
      ],
      [
        4794,
        0,
        255
      ],
      [
        4795,
        0,
        255
      ],
      [
        4796,
        0,
        255
      ],
      [
        4797,
        0,
        255
      ],
      [
        4798,
        0,
        255
      ],
      [
        4799,
        0,
        255
      ],
      [
        4800,
        0,
        255
      ],
      [
        4801,
        0,
        255
      ],
      [
        4802,
        0,
        255
      ],
      [
        4803,
        0,
        255
      ],
      [
        4804,
        0,
        255
      ],
      [
        4805,
        0,
        255
      ],
      [
        4806,
        0,
        255
      ],
      [
        4807,
        0,
        255
      ],
      [
        4808,
        0,
        255
      ],
      [
        4809,
        0,
        255
      ],
      [
        4810,
        0,
        255
      ],
      [
        4811,
        0,
        255
      ],
      [
        4812,
        0,
        255
      ],
      [
        4813,
        0,
        255
      ],
      [
        4814,
        0,
        255
      ],
      [
        4815,
        0,
        255
      ],
      [
        4816,
        0,
        255
      ],
      [
        4817,
        0,
        255
      ],
      [
        4818,
        0,
        255
      ],
      [
        4819,
        0,
        255
      ],
      [
        4820,
        0,
        255
      ],
      [
        4821,
        0,
        255
      ],
      [
        4822,
        0,
        255
      ],
      [
        4823,
        0,
        255
      ],
      [
        4824,
        0,
        255
      ],
      [
        4825,
        0,
        255
      ],
      [
        4826,
        0,
        255
      ],
      [
        4827,
        0,
        255
      ],
      [
        4828,
        0,
        255
      ],
      [
        4829,
        0,
        255
      ],
      [
        4830,
        0,
        255
      ],
      [
        4831,
        0,
        255
      ],
      [
        4832,
        0,
        255
      ],
      [
        4833,
        0,
        255
      ],
      [
        4834,
        0,
        255
      ],
      [
        4835,
        0,
        255
      ],
      [
        4836,
        0,
        255
      ],
      [
        4837,
        0,
        255
      ],
      [
        4838,
        0,
        255
      ],
      [
        4839,
        0,
        255
      ],
      [
        4840,
        0,
        255
      ],
      [
        4841,
        0,
        255
      ],
      [
        4842,
        0,
        255
      ],
      [
        4843,
        0,
        255
      ],
      [
        4844,
        0,
        255
      ],
      [
        4845,
        0,
        255
      ],
      [
        4846,
        0,
        255
      ],
      [
        4847,
        0,
        255
      ],
      [
        4848,
        0,
        255
      ],
      [
        4849,
        0,
        255
      ],
      [
        4850,
        0,
        255
      ],
      [
        4851,
        0,
        255
      ],
      [
        4852,
        0,
        255
      ],
      [
        4853,
        0,
        255
      ],
      [
        4854,
        0,
        255
      ],
      [
        4855,
        0,
        255
      ],
      [
        4856,
        0,
        255
      ],
      [
        4857,
        0,
        255
      ],
      [
        4858,
        0,
        255
      ],
      [
        4859,
        0,
        255
      ],
      [
        4860,
        0,
        255
      ],
      [
        4861,
        0,
        255
      ],
      [
        4862,
        0,
        255
      ],
      [
        4863,
        0,
        255
      ],
      [
        4864,
        0,
        255
      ],
      [
        4865,
        0,
        255
      ],
      [
        4866,
        0,
        255
      ],
      [
        4867,
        0,
        255
      ],
      [
        4868,
        0,
        255
      ],
      [
        4869,
        0,
        255
      ],
      [
        4870,
        0,
        255
      ],
      [
        4871,
        0,
        255
      ],
      [
        4872,
        0,
        255
      ],
      [
        4873,
        0,
        255
      ],
      [
        4874,
        0,
        255
      ],
      [
        4875,
        0,
        255
      ],
      [
        4876,
        0,
        255
      ],
      [
        4877,
        0,
        255
      ],
      [
        4878,
        0,
        255
      ],
      [
        4879,
        0,
        255
      ],
      [
        4880,
        0,
        255
      ],
      [
        4881,
        0,
        255
      ],
      [
        4882,
        0,
        255
      ],
      [
        4883,
        0,
        255
      ],
      [
        4884,
        0,
        255
      ],
      [
        4885,
        0,
        255
      ],
      [
        4886,
        0,
        255
      ],
      [
        4887,
        0,
        255
      ],
      [
        4888,
        0,
        255
      ],
      [
        4889,
        0,
        255
      ],
      [
        4890,
        0,
        255
      ],
      [
        4891,
        0,
        255
      ],
      [
        4892,
        0,
        255
      ],
      [
        4893,
        0,
        255
      ],
      [
        4894,
        0,
        255
      ],
      [
        4895,
        0,
        255
      ],
      [
        4896,
        0,
        255
      ],
      [
        4897,
        0,
        255
      ],
      [
        4898,
        0,
        255
      ],
      [
        4899,
        0,
        255
      ],
      [
        4900,
        0,
        255
      ],
      [
        4901,
        0,
        255
      ],
      [
        4902,
        0,
        255
      ],
      [
        4903,
        0,
        255
      ],
      [
        4904,
        0,
        255
      ],
      [
        4905,
        0,
        255
      ],
      [
        4906,
        0,
        255
      ],
      [
        4907,
        0,
        255
      ],
      [
        4908,
        0,
        255
      ],
      [
        4909,
        0,
        255
      ],
      [
        4910,
        0,
        255
      ],
      [
        4911,
        0,
        255
      ],
      [
        4912,
        0,
        255
      ],
      [
        4913,
        0,
        255
      ],
      [
        4914,
        0,
        255
      ],
      [
        4915,
        0,
        255
      ],
      [
        4916,
        0,
        255
      ],
      [
        4917,
        0,
        255
      ],
      [
        4918,
        0,
        255
      ],
      [
        4919,
        0,
        255
      ],
      [
        4920,
        0,
        255
      ],
      [
        4921,
        0,
        255
      ],
      [
        4922,
        0,
        255
      ],
      [
        4923,
        0,
        255
      ],
      [
        4924,
        0,
        255
      ],
      [
        4925,
        0,
        255
      ],
      [
        4926,
        0,
        255
      ],
      [
        4927,
        0,
        255
      ],
      [
        4928,
        0,
        255
      ],
      [
        4929,
        0,
        255
      ],
      [
        4930,
        0,
        255
      ],
      [
        4931,
        0,
        255
      ],
      [
        4932,
        0,
        255
      ],
      [
        4933,
        0,
        255
      ],
      [
        4934,
        0,
        255
      ],
      [
        4935,
        0,
        255
      ],
      [
        4936,
        0,
        255
      ],
      [
        4937,
        0,
        255
      ],
      [
        4938,
        0,
        255
      ],
      [
        4939,
        0,
        255
      ],
      [
        4940,
        0,
        255
      ],
      [
        4941,
        0,
        255
      ],
      [
        4942,
        0,
        255
      ],
      [
        4943,
        0,
        255
      ],
      [
        4944,
        0,
        255
      ],
      [
        4945,
        0,
        255
      ],
      [
        4946,
        0,
        255
      ],
      [
        4947,
        0,
        255
      ],
      [
        4948,
        0,
        255
      ],
      [
        4949,
        0,
        255
      ],
      [
        4950,
        0,
        255
      ],
      [
        4951,
        0,
        255
      ],
      [
        4952,
        0,
        255
      ],
      [
        4953,
        0,
        255
      ],
      [
        4954,
        0,
        255
      ],
      [
        4955,
        0,
        255
      ],
      [
        4956,
        0,
        255
      ],
      [
        4957,
        0,
        255
      ],
      [
        4958,
        0,
        255
      ],
      [
        4959,
        0,
        255
      ],
      [
        4960,
        0,
        255
      ],
      [
        4961,
        0,
        255
      ],
      [
        4962,
        0,
        255
      ],
      [
        4963,
        0,
        255
      ],
      [
        4964,
        0,
        255
      ],
      [
        4965,
        0,
        255
      ],
      [
        4966,
        0,
        255
      ],
      [
        4967,
        0,
        255
      ],
      [
        4968,
        0,
        255
      ],
      [
        4969,
        0,
        255
      ],
      [
        4970,
        0,
        255
      ],
      [
        4971,
        0,
        255
      ],
      [
        4972,
        0,
        255
      ],
      [
        4973,
        0,
        255
      ],
      [
        4974,
        0,
        255
      ],
      [
        4975,
        0,
        255
      ],
      [
        4976,
        0,
        255
      ],
      [
        4977,
        0,
        255
      ],
      [
        4978,
        0,
        255
      ],
      [
        4979,
        0,
        255
      ],
      [
        4980,
        0,
        255
      ],
      [
        4981,
        0,
        255
      ],
      [
        4982,
        0,
        255
      ],
      [
        4983,
        0,
        255
      ],
      [
        4984,
        0,
        255
      ],
      [
        4985,
        0,
        255
      ],
      [
        4986,
        0,
        255
      ],
      [
        4987,
        0,
        255
      ],
      [
        4988,
        0,
        255
      ],
      [
        4989,
        0,
        255
      ],
      [
        4990,
        0,
        255
      ],
      [
        4991,
        0,
        255
      ],
      [
        4992,
        0,
        255
      ],
      [
        4993,
        0,
        255
      ],
      [
        4994,
        0,
        255
      ],
      [
        4995,
        0,
        255
      ],
      [
        4996,
        0,
        255
      ],
      [
        4997,
        0,
        255
      ],
      [
        4998,
        0,
        255
      ],
      [
        4999,
        0,
        255
      ],
      [
        5000,
        0,
        255
      ],
      [
        5001,
        0,
        255
      ],
      [
        5002,
        0,
        255
      ],
      [
        5003,
        0,
        255
      ],
      [
        5004,
        0,
        255
      ],
      [
        5005,
        0,
        255
      ],
      [
        5006,
        0,
        255
      ],
      [
        5007,
        0,
        255
      ],
      [
        5008,
        0,
        255
      ],
      [
        5009,
        0,
        255
      ],
      [
        5010,
        0,
        255
      ],
      [
        5011,
        0,
        255
      ],
      [
        5012,
        0,
        255
      ],
      [
        5013,
        0,
        255
      ],
      [
        5014,
        0,
        255
      ],
      [
        5015,
        0,
        255
      ],
      [
        5016,
        0,
        255
      ],
      [
        5017,
        0,
        255
      ],
      [
        5018,
        0,
        255
      ],
      [
        5019,
        0,
        255
      ],
      [
        5020,
        0,
        255
      ],
      [
        5021,
        0,
        255
      ],
      [
        5022,
        0,
        255
      ],
      [
        5023,
        0,
        255
      ],
      [
        5024,
        0,
        255
      ],
      [
        5025,
        0,
        255
      ],
      [
        5026,
        0,
        255
      ],
      [
        5027,
        0,
        255
      ],
      [
        5028,
        0,
        255
      ],
      [
        5029,
        0,
        255
      ],
      [
        5030,
        0,
        255
      ],
      [
        5031,
        0,
        255
      ],
      [
        5032,
        0,
        255
      ],
      [
        5033,
        0,
        255
      ],
      [
        5034,
        0,
        255
      ],
      [
        5035,
        0,
        255
      ],
      [
        5036,
        0,
        255
      ],
      [
        5037,
        0,
        255
      ],
      [
        5038,
        0,
        255
      ],
      [
        5039,
        0,
        255
      ],
      [
        5040,
        0,
        255
      ],
      [
        5041,
        0,
        255
      ],
      [
        5042,
        0,
        255
      ],
      [
        5043,
        0,
        255
      ],
      [
        5044,
        0,
        255
      ],
      [
        5045,
        0,
        255
      ],
      [
        5046,
        0,
        255
      ],
      [
        5047,
        0,
        255
      ],
      [
        5048,
        0,
        255
      ],
      [
        5049,
        0,
        255
      ],
      [
        5050,
        0,
        255
      ],
      [
        5051,
        0,
        255
      ],
      [
        5052,
        0,
        255
      ],
      [
        5053,
        0,
        255
      ],
      [
        5054,
        0,
        255
      ],
      [
        5055,
        0,
        255
      ],
      [
        5056,
        0,
        255
      ],
      [
        5057,
        0,
        255
      ],
      [
        5058,
        0,
        255
      ],
      [
        5059,
        0,
        255
      ],
      [
        5060,
        0,
        255
      ],
      [
        5061,
        0,
        255
      ],
      [
        5062,
        0,
        255
      ],
      [
        5063,
        0,
        255
      ],
      [
        5064,
        0,
        255
      ],
      [
        5065,
        0,
        255
      ],
      [
        5066,
        0,
        255
      ],
      [
        5067,
        0,
        255
      ],
      [
        5068,
        0,
        255
      ],
      [
        5069,
        0,
        255
      ],
      [
        5070,
        0,
        255
      ],
      [
        5071,
        0,
        255
      ],
      [
        5072,
        0,
        255
      ],
      [
        5073,
        0,
        255
      ],
      [
        5074,
        0,
        255
      ],
      [
        5075,
        0,
        255
      ],
      [
        5076,
        0,
        255
      ],
      [
        5077,
        0,
        255
      ],
      [
        5078,
        0,
        255
      ],
      [
        5079,
        0,
        255
      ],
      [
        5080,
        0,
        255
      ],
      [
        5081,
        0,
        255
      ],
      [
        5082,
        0,
        255
      ],
      [
        5083,
        0,
        255
      ],
      [
        5084,
        0,
        255
      ],
      [
        5085,
        0,
        255
      ],
      [
        5086,
        0,
        255
      ],
      [
        5087,
        0,
        255
      ],
      [
        5088,
        0,
        255
      ],
      [
        5089,
        0,
        255
      ],
      [
        5090,
        0,
        255
      ],
      [
        5091,
        0,
        255
      ],
      [
        5092,
        0,
        255
      ],
      [
        5093,
        0,
        255
      ],
      [
        5094,
        0,
        255
      ],
      [
        5095,
        0,
        255
      ],
      [
        5096,
        0,
        255
      ],
      [
        5097,
        0,
        255
      ],
      [
        5098,
        0,
        255
      ],
      [
        5099,
        0,
        255
      ],
      [
        5100,
        0,
        255
      ],
      [
        5101,
        0,
        255
      ],
      [
        5102,
        0,
        255
      ],
      [
        5103,
        0,
        255
      ],
      [
        5104,
        0,
        255
      ],
      [
        5105,
        0,
        255
      ],
      [
        5106,
        0,
        255
      ],
      [
        5107,
        0,
        255
      ],
      [
        5108,
        0,
        255
      ],
      [
        5109,
        0,
        255
      ],
      [
        5110,
        0,
        255
      ],
      [
        5111,
        0,
        255
      ],
      [
        5112,
        0,
        255
      ],
      [
        5113,
        0,
        255
      ],
      [
        5114,
        0,
        255
      ],
      [
        5115,
        0,
        255
      ],
      [
        5116,
        0,
        255
      ],
      [
        5117,
        0,
        255
      ],
      [
        5118,
        0,
        255
      ],
      [
        5119,
        0,
        255
      ],
      [
        5120,
        0,
        255
      ],
      [
        5121,
        0,
        255
      ],
      [
        5122,
        0,
        255
      ],
      [
        5123,
        0,
        255
      ],
      [
        5124,
        0,
        255
      ],
      [
        5125,
        0,
        255
      ],
      [
        5126,
        0,
        255
      ],
      [
        5127,
        0,
        255
      ],
      [
        5128,
        0,
        255
      ],
      [
        5129,
        0,
        255
      ],
      [
        5130,
        0,
        255
      ],
      [
        5131,
        0,
        255
      ],
      [
        5132,
        0,
        255
      ],
      [
        5133,
        0,
        255
      ],
      [
        5134,
        0,
        255
      ],
      [
        5135,
        0,
        255
      ],
      [
        5136,
        0,
        255
      ],
      [
        5137,
        0,
        255
      ],
      [
        5138,
        0,
        255
      ],
      [
        5139,
        0,
        255
      ],
      [
        5140,
        0,
        255
      ],
      [
        5141,
        0,
        255
      ],
      [
        5142,
        0,
        255
      ],
      [
        5143,
        0,
        255
      ],
      [
        5144,
        0,
        255
      ],
      [
        5145,
        0,
        255
      ],
      [
        5146,
        0,
        255
      ],
      [
        5147,
        0,
        255
      ],
      [
        5148,
        0,
        255
      ],
      [
        5149,
        0,
        255
      ],
      [
        5150,
        0,
        255
      ],
      [
        5151,
        0,
        255
      ],
      [
        5152,
        0,
        255
      ],
      [
        5153,
        0,
        255
      ],
      [
        5154,
        0,
        255
      ],
      [
        5155,
        0,
        255
      ],
      [
        5156,
        0,
        255
      ],
      [
        5157,
        0,
        255
      ],
      [
        5158,
        0,
        255
      ],
      [
        5159,
        0,
        255
      ],
      [
        5160,
        0,
        255
      ],
      [
        5161,
        0,
        255
      ],
      [
        5162,
        0,
        255
      ],
      [
        5163,
        0,
        255
      ],
      [
        5164,
        0,
        255
      ],
      [
        5165,
        0,
        255
      ],
      [
        5166,
        0,
        255
      ],
      [
        5167,
        0,
        255
      ],
      [
        5168,
        0,
        255
      ],
      [
        5169,
        0,
        255
      ],
      [
        5170,
        0,
        255
      ],
      [
        5171,
        0,
        255
      ],
      [
        5172,
        0,
        255
      ],
      [
        5173,
        0,
        255
      ],
      [
        5174,
        0,
        255
      ],
      [
        5175,
        0,
        255
      ],
      [
        5176,
        0,
        255
      ],
      [
        5177,
        0,
        255
      ],
      [
        5178,
        0,
        255
      ],
      [
        5179,
        0,
        255
      ],
      [
        5180,
        0,
        255
      ],
      [
        5181,
        0,
        255
      ],
      [
        5182,
        0,
        255
      ],
      [
        5183,
        0,
        255
      ],
      [
        5184,
        0,
        255
      ],
      [
        5185,
        0,
        255
      ],
      [
        5186,
        0,
        255
      ],
      [
        5187,
        0,
        255
      ],
      [
        5188,
        0,
        255
      ],
      [
        5189,
        0,
        255
      ],
      [
        5190,
        0,
        255
      ],
      [
        5191,
        0,
        255
      ],
      [
        5192,
        0,
        255
      ],
      [
        5193,
        0,
        255
      ],
      [
        5194,
        0,
        255
      ],
      [
        5195,
        0,
        255
      ],
      [
        5196,
        0,
        255
      ],
      [
        5197,
        0,
        255
      ],
      [
        5198,
        0,
        255
      ],
      [
        5199,
        0,
        255
      ],
      [
        5200,
        0,
        255
      ],
      [
        5201,
        0,
        255
      ],
      [
        5202,
        0,
        255
      ],
      [
        5203,
        0,
        255
      ],
      [
        5204,
        0,
        255
      ],
      [
        5205,
        0,
        255
      ],
      [
        5206,
        0,
        255
      ],
      [
        5207,
        0,
        255
      ],
      [
        5208,
        0,
        255
      ],
      [
        5209,
        0,
        255
      ],
      [
        5210,
        0,
        255
      ],
      [
        5211,
        0,
        255
      ],
      [
        5212,
        0,
        255
      ],
      [
        5213,
        0,
        255
      ],
      [
        5214,
        0,
        255
      ],
      [
        5215,
        0,
        255
      ],
      [
        5216,
        0,
        255
      ],
      [
        5217,
        0,
        255
      ],
      [
        5218,
        0,
        255
      ],
      [
        5219,
        0,
        255
      ],
      [
        5220,
        0,
        255
      ],
      [
        5221,
        0,
        255
      ],
      [
        5222,
        0,
        255
      ],
      [
        5223,
        0,
        255
      ],
      [
        5224,
        0,
        255
      ],
      [
        5225,
        0,
        255
      ],
      [
        5226,
        0,
        255
      ],
      [
        5227,
        0,
        255
      ],
      [
        5228,
        0,
        255
      ],
      [
        5229,
        0,
        255
      ],
      [
        5230,
        0,
        255
      ],
      [
        5231,
        0,
        255
      ],
      [
        5232,
        0,
        255
      ],
      [
        5233,
        0,
        255
      ],
      [
        5234,
        0,
        255
      ],
      [
        5235,
        0,
        255
      ],
      [
        5236,
        0,
        255
      ],
      [
        5237,
        0,
        255
      ],
      [
        5238,
        0,
        255
      ],
      [
        5239,
        0,
        255
      ],
      [
        5240,
        0,
        255
      ],
      [
        5241,
        0,
        255
      ],
      [
        5242,
        0,
        255
      ],
      [
        5243,
        0,
        255
      ],
      [
        5244,
        0,
        255
      ],
      [
        5245,
        0,
        255
      ],
      [
        5246,
        0,
        255
      ],
      [
        5247,
        0,
        255
      ],
      [
        5248,
        0,
        255
      ],
      [
        5249,
        0,
        255
      ],
      [
        5250,
        0,
        255
      ],
      [
        5251,
        0,
        255
      ],
      [
        5252,
        0,
        255
      ],
      [
        5253,
        0,
        255
      ],
      [
        5254,
        0,
        255
      ],
      [
        5255,
        0,
        255
      ],
      [
        5256,
        0,
        255
      ],
      [
        5257,
        0,
        255
      ],
      [
        5258,
        0,
        255
      ],
      [
        5259,
        0,
        255
      ],
      [
        5260,
        0,
        255
      ],
      [
        5261,
        0,
        255
      ],
      [
        5262,
        0,
        255
      ],
      [
        5263,
        0,
        255
      ],
      [
        5264,
        0,
        255
      ],
      [
        5265,
        0,
        255
      ],
      [
        5266,
        0,
        255
      ],
      [
        5267,
        0,
        255
      ],
      [
        5268,
        0,
        255
      ],
      [
        5269,
        0,
        255
      ],
      [
        5270,
        0,
        255
      ],
      [
        5271,
        0,
        255
      ],
      [
        5272,
        0,
        255
      ],
      [
        5273,
        0,
        255
      ],
      [
        5274,
        0,
        255
      ],
      [
        5275,
        0,
        255
      ],
      [
        5276,
        0,
        255
      ],
      [
        5277,
        0,
        255
      ],
      [
        5278,
        0,
        255
      ],
      [
        5279,
        0,
        255
      ],
      [
        5280,
        0,
        255
      ],
      [
        5281,
        0,
        255
      ],
      [
        5282,
        0,
        255
      ],
      [
        5283,
        0,
        255
      ],
      [
        5284,
        0,
        255
      ],
      [
        5285,
        0,
        255
      ],
      [
        5286,
        0,
        255
      ],
      [
        5287,
        0,
        255
      ],
      [
        5288,
        0,
        255
      ],
      [
        5289,
        0,
        255
      ],
      [
        5290,
        0,
        255
      ],
      [
        5291,
        0,
        255
      ],
      [
        5292,
        0,
        255
      ],
      [
        5293,
        0,
        255
      ],
      [
        5294,
        0,
        255
      ],
      [
        5295,
        0,
        255
      ],
      [
        5296,
        0,
        255
      ],
      [
        5297,
        0,
        255
      ],
      [
        5298,
        0,
        255
      ],
      [
        5299,
        0,
        255
      ],
      [
        5300,
        0,
        255
      ],
      [
        5301,
        0,
        255
      ],
      [
        5302,
        0,
        255
      ],
      [
        5303,
        0,
        255
      ],
      [
        5304,
        0,
        255
      ],
      [
        5305,
        0,
        255
      ],
      [
        5306,
        0,
        255
      ],
      [
        5307,
        0,
        255
      ],
      [
        5308,
        0,
        255
      ],
      [
        5309,
        0,
        255
      ],
      [
        5310,
        0,
        255
      ],
      [
        5311,
        0,
        255
      ],
      [
        5312,
        0,
        255
      ],
      [
        5313,
        0,
        255
      ],
      [
        5314,
        0,
        255
      ],
      [
        5315,
        0,
        255
      ],
      [
        5316,
        0,
        255
      ],
      [
        5317,
        0,
        255
      ],
      [
        5318,
        0,
        255
      ],
      [
        5319,
        0,
        255
      ],
      [
        5320,
        0,
        255
      ],
      [
        5321,
        0,
        255
      ],
      [
        5322,
        0,
        255
      ],
      [
        5323,
        0,
        255
      ],
      [
        5324,
        0,
        255
      ],
      [
        5325,
        0,
        255
      ],
      [
        5326,
        0,
        255
      ],
      [
        5327,
        0,
        255
      ],
      [
        5328,
        0,
        255
      ],
      [
        5329,
        0,
        255
      ],
      [
        5330,
        0,
        255
      ],
      [
        5331,
        0,
        255
      ],
      [
        5332,
        0,
        255
      ],
      [
        5333,
        0,
        255
      ],
      [
        5334,
        0,
        255
      ],
      [
        5335,
        0,
        255
      ],
      [
        5336,
        0,
        255
      ],
      [
        5337,
        0,
        255
      ],
      [
        5338,
        0,
        255
      ],
      [
        5339,
        0,
        255
      ],
      [
        5340,
        0,
        255
      ],
      [
        5341,
        0,
        255
      ],
      [
        5342,
        0,
        255
      ],
      [
        5343,
        0,
        255
      ],
      [
        5344,
        0,
        255
      ],
      [
        5345,
        0,
        255
      ],
      [
        5346,
        0,
        255
      ],
      [
        5347,
        0,
        255
      ],
      [
        5348,
        0,
        255
      ],
      [
        5349,
        0,
        255
      ],
      [
        5350,
        0,
        255
      ],
      [
        5351,
        0,
        255
      ],
      [
        5352,
        0,
        255
      ],
      [
        5353,
        0,
        255
      ],
      [
        5354,
        0,
        255
      ],
      [
        5355,
        0,
        255
      ],
      [
        5356,
        0,
        255
      ],
      [
        5357,
        0,
        255
      ],
      [
        5358,
        0,
        255
      ],
      [
        5359,
        0,
        255
      ],
      [
        5360,
        0,
        255
      ],
      [
        5361,
        0,
        255
      ],
      [
        5362,
        0,
        255
      ],
      [
        5363,
        0,
        255
      ],
      [
        5364,
        0,
        255
      ],
      [
        5365,
        0,
        255
      ],
      [
        5366,
        0,
        255
      ],
      [
        5367,
        0,
        255
      ],
      [
        5368,
        0,
        255
      ],
      [
        5369,
        0,
        255
      ],
      [
        5370,
        0,
        255
      ],
      [
        5371,
        0,
        255
      ],
      [
        5372,
        0,
        255
      ],
      [
        5373,
        0,
        255
      ],
      [
        5374,
        0,
        255
      ],
      [
        5375,
        0,
        255
      ],
      [
        5376,
        0,
        255
      ],
      [
        5377,
        0,
        255
      ],
      [
        5378,
        0,
        255
      ],
      [
        5379,
        0,
        255
      ],
      [
        5380,
        0,
        255
      ],
      [
        5381,
        0,
        255
      ],
      [
        5382,
        0,
        255
      ],
      [
        5383,
        0,
        255
      ],
      [
        5384,
        0,
        255
      ],
      [
        5385,
        0,
        255
      ],
      [
        5386,
        0,
        255
      ],
      [
        5387,
        0,
        255
      ],
      [
        5388,
        0,
        255
      ],
      [
        5389,
        0,
        255
      ],
      [
        5390,
        0,
        255
      ],
      [
        5391,
        0,
        255
      ],
      [
        5392,
        0,
        255
      ],
      [
        5393,
        0,
        255
      ],
      [
        5394,
        0,
        255
      ],
      [
        5395,
        0,
        255
      ],
      [
        5396,
        0,
        255
      ],
      [
        5397,
        0,
        255
      ],
      [
        5398,
        0,
        255
      ],
      [
        5399,
        0,
        255
      ],
      [
        5400,
        0,
        255
      ],
      [
        5401,
        0,
        255
      ],
      [
        5402,
        0,
        255
      ],
      [
        5403,
        0,
        255
      ],
      [
        5404,
        0,
        255
      ],
      [
        5405,
        0,
        255
      ],
      [
        5406,
        0,
        255
      ],
      [
        5407,
        0,
        255
      ],
      [
        5408,
        0,
        255
      ],
      [
        5409,
        0,
        255
      ],
      [
        5410,
        0,
        255
      ],
      [
        5411,
        0,
        255
      ],
      [
        5412,
        0,
        255
      ],
      [
        5413,
        0,
        255
      ],
      [
        5414,
        0,
        255
      ],
      [
        5415,
        0,
        255
      ],
      [
        5416,
        0,
        255
      ],
      [
        5417,
        0,
        255
      ],
      [
        5418,
        0,
        255
      ],
      [
        5419,
        0,
        255
      ],
      [
        5420,
        0,
        255
      ],
      [
        5421,
        0,
        255
      ],
      [
        5422,
        0,
        255
      ],
      [
        5423,
        0,
        255
      ],
      [
        5424,
        0,
        255
      ],
      [
        5425,
        0,
        255
      ],
      [
        5426,
        0,
        255
      ],
      [
        5427,
        0,
        255
      ],
      [
        5428,
        0,
        255
      ],
      [
        5429,
        0,
        255
      ],
      [
        5430,
        0,
        255
      ],
      [
        5431,
        0,
        255
      ],
      [
        5432,
        0,
        255
      ],
      [
        5433,
        0,
        255
      ],
      [
        5434,
        0,
        255
      ],
      [
        5435,
        0,
        255
      ],
      [
        5436,
        0,
        255
      ],
      [
        5437,
        0,
        255
      ],
      [
        5438,
        0,
        255
      ],
      [
        5439,
        0,
        255
      ],
      [
        5440,
        0,
        255
      ],
      [
        5441,
        0,
        255
      ],
      [
        5442,
        0,
        255
      ],
      [
        5443,
        0,
        255
      ],
      [
        5444,
        0,
        255
      ],
      [
        5445,
        0,
        255
      ],
      [
        5446,
        0,
        255
      ],
      [
        5447,
        0,
        255
      ],
      [
        5448,
        0,
        255
      ],
      [
        5449,
        0,
        255
      ],
      [
        5450,
        0,
        255
      ],
      [
        5451,
        0,
        255
      ],
      [
        5452,
        0,
        255
      ],
      [
        5453,
        0,
        255
      ],
      [
        5454,
        0,
        255
      ],
      [
        5455,
        0,
        255
      ],
      [
        5456,
        0,
        255
      ],
      [
        5457,
        0,
        255
      ],
      [
        5458,
        0,
        255
      ],
      [
        5459,
        0,
        255
      ],
      [
        5460,
        0,
        255
      ],
      [
        5461,
        0,
        255
      ],
      [
        5462,
        0,
        255
      ],
      [
        5463,
        0,
        255
      ],
      [
        5464,
        0,
        255
      ],
      [
        5465,
        0,
        255
      ],
      [
        5466,
        0,
        255
      ],
      [
        5467,
        0,
        255
      ],
      [
        5468,
        0,
        255
      ],
      [
        5469,
        0,
        255
      ],
      [
        5470,
        0,
        255
      ],
      [
        5471,
        0,
        255
      ],
      [
        5472,
        0,
        255
      ],
      [
        5473,
        0,
        255
      ],
      [
        5474,
        0,
        255
      ],
      [
        5475,
        0,
        255
      ],
      [
        5476,
        0,
        255
      ],
      [
        5477,
        0,
        255
      ],
      [
        5478,
        0,
        255
      ],
      [
        5479,
        0,
        255
      ],
      [
        5480,
        0,
        255
      ],
      [
        5481,
        0,
        255
      ],
      [
        5482,
        0,
        255
      ],
      [
        5483,
        0,
        255
      ],
      [
        5484,
        0,
        255
      ],
      [
        5485,
        0,
        255
      ],
      [
        5486,
        0,
        255
      ],
      [
        5487,
        0,
        255
      ],
      [
        5488,
        0,
        255
      ],
      [
        5489,
        0,
        255
      ],
      [
        5490,
        0,
        255
      ],
      [
        5491,
        0,
        255
      ],
      [
        5492,
        0,
        255
      ],
      [
        5493,
        0,
        255
      ],
      [
        5494,
        0,
        255
      ],
      [
        5495,
        0,
        255
      ],
      [
        5496,
        0,
        255
      ],
      [
        5497,
        0,
        255
      ],
      [
        5498,
        0,
        255
      ],
      [
        5499,
        0,
        255
      ],
      [
        5500,
        0,
        255
      ],
      [
        5501,
        0,
        255
      ],
      [
        5502,
        0,
        255
      ],
      [
        5503,
        0,
        255
      ],
      [
        5504,
        0,
        255
      ],
      [
        5505,
        0,
        255
      ],
      [
        5506,
        0,
        255
      ],
      [
        5507,
        0,
        255
      ],
      [
        5508,
        0,
        255
      ],
      [
        5509,
        0,
        255
      ],
      [
        5510,
        0,
        255
      ],
      [
        5511,
        0,
        255
      ],
      [
        5512,
        0,
        255
      ],
      [
        5513,
        0,
        255
      ],
      [
        5514,
        0,
        255
      ],
      [
        5515,
        0,
        255
      ],
      [
        5516,
        0,
        255
      ],
      [
        5517,
        0,
        255
      ],
      [
        5518,
        0,
        255
      ],
      [
        5519,
        0,
        255
      ],
      [
        5520,
        0,
        255
      ],
      [
        5521,
        0,
        255
      ],
      [
        5522,
        0,
        255
      ],
      [
        5523,
        0,
        255
      ],
      [
        5524,
        0,
        255
      ],
      [
        5525,
        0,
        255
      ],
      [
        5526,
        0,
        255
      ],
      [
        5527,
        0,
        255
      ],
      [
        5528,
        0,
        255
      ],
      [
        5529,
        0,
        255
      ],
      [
        5530,
        0,
        255
      ],
      [
        5531,
        0,
        255
      ],
      [
        5532,
        0,
        255
      ],
      [
        5533,
        0,
        255
      ],
      [
        5534,
        0,
        255
      ],
      [
        5535,
        0,
        255
      ],
      [
        5536,
        0,
        255
      ],
      [
        5537,
        0,
        255
      ],
      [
        5538,
        0,
        255
      ],
      [
        5539,
        0,
        255
      ],
      [
        5540,
        0,
        255
      ],
      [
        5541,
        0,
        255
      ],
      [
        5542,
        0,
        255
      ],
      [
        5543,
        0,
        255
      ],
      [
        5544,
        0,
        255
      ],
      [
        5545,
        0,
        255
      ],
      [
        5546,
        0,
        255
      ],
      [
        5547,
        0,
        255
      ],
      [
        5548,
        0,
        255
      ],
      [
        5549,
        0,
        255
      ],
      [
        5550,
        0,
        255
      ],
      [
        5551,
        0,
        255
      ],
      [
        5552,
        0,
        255
      ],
      [
        5553,
        0,
        255
      ],
      [
        5554,
        0,
        255
      ],
      [
        5555,
        0,
        255
      ],
      [
        5556,
        0,
        255
      ],
      [
        5557,
        0,
        255
      ],
      [
        5558,
        0,
        255
      ],
      [
        5559,
        0,
        255
      ],
      [
        5560,
        0,
        255
      ],
      [
        5561,
        0,
        255
      ],
      [
        5562,
        0,
        255
      ],
      [
        5563,
        0,
        255
      ],
      [
        5564,
        0,
        255
      ],
      [
        5565,
        0,
        255
      ],
      [
        5566,
        0,
        255
      ],
      [
        5567,
        0,
        255
      ],
      [
        5568,
        0,
        255
      ],
      [
        5569,
        0,
        255
      ],
      [
        5570,
        0,
        255
      ],
      [
        5571,
        0,
        255
      ],
      [
        5572,
        0,
        255
      ],
      [
        5573,
        0,
        255
      ],
      [
        5574,
        0,
        255
      ],
      [
        5575,
        0,
        255
      ],
      [
        5576,
        0,
        255
      ],
      [
        5577,
        0,
        255
      ],
      [
        5578,
        0,
        255
      ],
      [
        5579,
        0,
        255
      ],
      [
        5580,
        0,
        255
      ],
      [
        5581,
        0,
        255
      ],
      [
        5582,
        0,
        255
      ],
      [
        5583,
        0,
        255
      ],
      [
        5584,
        0,
        255
      ],
      [
        5585,
        0,
        255
      ],
      [
        5586,
        0,
        255
      ],
      [
        5587,
        0,
        255
      ],
      [
        5588,
        0,
        255
      ],
      [
        5589,
        0,
        255
      ],
      [
        5590,
        0,
        255
      ],
      [
        5591,
        0,
        255
      ],
      [
        5592,
        0,
        255
      ],
      [
        5593,
        0,
        255
      ],
      [
        5594,
        0,
        255
      ],
      [
        5595,
        0,
        255
      ],
      [
        5596,
        0,
        255
      ],
      [
        5597,
        0,
        255
      ],
      [
        5598,
        0,
        255
      ],
      [
        5599,
        0,
        255
      ],
      [
        5600,
        0,
        255
      ],
      [
        5601,
        0,
        255
      ],
      [
        5602,
        0,
        255
      ],
      [
        5603,
        0,
        255
      ],
      [
        5604,
        0,
        255
      ],
      [
        5605,
        0,
        255
      ],
      [
        5606,
        0,
        255
      ],
      [
        5607,
        0,
        255
      ],
      [
        5608,
        0,
        255
      ],
      [
        5609,
        0,
        255
      ],
      [
        5610,
        0,
        255
      ],
      [
        5611,
        0,
        255
      ],
      [
        5612,
        0,
        255
      ],
      [
        5613,
        0,
        255
      ],
      [
        5614,
        0,
        255
      ],
      [
        5615,
        0,
        255
      ],
      [
        5616,
        0,
        255
      ],
      [
        5617,
        0,
        255
      ],
      [
        5618,
        0,
        255
      ],
      [
        5619,
        0,
        255
      ],
      [
        5620,
        0,
        255
      ],
      [
        5621,
        0,
        255
      ],
      [
        5622,
        0,
        255
      ],
      [
        5623,
        0,
        255
      ],
      [
        5624,
        0,
        255
      ],
      [
        5625,
        0,
        255
      ],
      [
        5626,
        0,
        255
      ],
      [
        5627,
        0,
        255
      ],
      [
        5628,
        0,
        255
      ],
      [
        5629,
        0,
        255
      ],
      [
        5630,
        0,
        255
      ],
      [
        5631,
        0,
        255
      ],
      [
        5632,
        0,
        255
      ],
      [
        5633,
        0,
        255
      ],
      [
        5634,
        0,
        255
      ],
      [
        5635,
        0,
        255
      ],
      [
        5636,
        0,
        255
      ],
      [
        5637,
        0,
        255
      ],
      [
        5638,
        0,
        255
      ],
      [
        5639,
        0,
        255
      ],
      [
        5640,
        0,
        255
      ],
      [
        5641,
        0,
        255
      ],
      [
        5642,
        0,
        255
      ],
      [
        5643,
        0,
        255
      ],
      [
        5644,
        0,
        255
      ],
      [
        5645,
        0,
        255
      ],
      [
        5646,
        0,
        255
      ],
      [
        5647,
        0,
        255
      ],
      [
        5648,
        0,
        255
      ],
      [
        5649,
        0,
        255
      ],
      [
        5650,
        0,
        255
      ],
      [
        5651,
        0,
        255
      ],
      [
        5652,
        0,
        255
      ],
      [
        5653,
        0,
        255
      ],
      [
        5654,
        0,
        255
      ],
      [
        5655,
        0,
        255
      ],
      [
        5656,
        0,
        255
      ],
      [
        5657,
        0,
        255
      ],
      [
        5658,
        0,
        255
      ],
      [
        5659,
        0,
        255
      ],
      [
        5660,
        0,
        255
      ],
      [
        5661,
        0,
        255
      ],
      [
        5662,
        0,
        255
      ],
      [
        5663,
        0,
        255
      ],
      [
        5664,
        0,
        255
      ],
      [
        5665,
        0,
        255
      ],
      [
        5666,
        0,
        255
      ],
      [
        5667,
        0,
        255
      ],
      [
        5668,
        0,
        255
      ],
      [
        5669,
        0,
        255
      ],
      [
        5670,
        0,
        255
      ],
      [
        5671,
        0,
        255
      ],
      [
        5672,
        0,
        255
      ],
      [
        5673,
        0,
        255
      ],
      [
        5674,
        0,
        255
      ],
      [
        5675,
        0,
        255
      ],
      [
        5676,
        0,
        255
      ],
      [
        5677,
        0,
        255
      ],
      [
        5678,
        0,
        255
      ],
      [
        5679,
        0,
        255
      ],
      [
        5680,
        0,
        255
      ],
      [
        5681,
        0,
        255
      ],
      [
        5682,
        0,
        255
      ],
      [
        5683,
        0,
        255
      ],
      [
        5684,
        0,
        255
      ],
      [
        5685,
        0,
        255
      ],
      [
        5686,
        0,
        255
      ],
      [
        5687,
        0,
        255
      ],
      [
        5688,
        0,
        255
      ],
      [
        5689,
        0,
        255
      ],
      [
        5690,
        0,
        255
      ],
      [
        5691,
        0,
        255
      ],
      [
        5692,
        0,
        255
      ],
      [
        5693,
        0,
        255
      ],
      [
        5694,
        0,
        255
      ],
      [
        5695,
        0,
        255
      ],
      [
        5696,
        0,
        255
      ],
      [
        5697,
        0,
        255
      ],
      [
        5698,
        0,
        255
      ],
      [
        5699,
        0,
        255
      ],
      [
        5700,
        0,
        255
      ],
      [
        5701,
        0,
        255
      ],
      [
        5702,
        0,
        255
      ],
      [
        5703,
        0,
        255
      ],
      [
        5704,
        0,
        255
      ],
      [
        5705,
        0,
        255
      ],
      [
        5706,
        0,
        255
      ],
      [
        5707,
        0,
        255
      ],
      [
        5708,
        0,
        255
      ],
      [
        5709,
        0,
        255
      ],
      [
        5710,
        0,
        255
      ],
      [
        5711,
        0,
        255
      ],
      [
        5712,
        0,
        255
      ],
      [
        5713,
        0,
        255
      ],
      [
        5714,
        0,
        255
      ],
      [
        5715,
        0,
        255
      ],
      [
        5716,
        0,
        255
      ],
      [
        5717,
        0,
        255
      ],
      [
        5718,
        0,
        255
      ],
      [
        5719,
        0,
        255
      ],
      [
        5720,
        0,
        255
      ],
      [
        5721,
        0,
        255
      ],
      [
        5722,
        0,
        255
      ],
      [
        5723,
        0,
        255
      ],
      [
        5724,
        0,
        255
      ],
      [
        5725,
        0,
        255
      ],
      [
        5726,
        0,
        255
      ],
      [
        5727,
        0,
        255
      ],
      [
        5728,
        0,
        255
      ],
      [
        5729,
        0,
        255
      ],
      [
        5730,
        0,
        255
      ],
      [
        5731,
        0,
        255
      ],
      [
        5732,
        0,
        255
      ],
      [
        5733,
        0,
        255
      ],
      [
        5734,
        0,
        255
      ],
      [
        5735,
        0,
        255
      ],
      [
        5736,
        0,
        255
      ],
      [
        5737,
        0,
        255
      ],
      [
        5738,
        0,
        255
      ],
      [
        5739,
        0,
        255
      ],
      [
        5740,
        0,
        255
      ],
      [
        5741,
        0,
        255
      ],
      [
        5742,
        0,
        255
      ],
      [
        5743,
        0,
        255
      ],
      [
        5744,
        0,
        255
      ],
      [
        5745,
        0,
        255
      ],
      [
        5746,
        0,
        255
      ],
      [
        5747,
        0,
        255
      ],
      [
        5748,
        0,
        255
      ],
      [
        5749,
        0,
        255
      ],
      [
        5750,
        0,
        255
      ],
      [
        5751,
        0,
        255
      ],
      [
        5752,
        0,
        255
      ],
      [
        5753,
        0,
        255
      ],
      [
        5754,
        0,
        255
      ],
      [
        5755,
        0,
        255
      ],
      [
        5756,
        0,
        255
      ],
      [
        5757,
        0,
        255
      ],
      [
        5758,
        0,
        255
      ],
      [
        5759,
        0,
        255
      ],
      [
        5760,
        0,
        255
      ],
      [
        5761,
        0,
        255
      ],
      [
        5762,
        0,
        255
      ],
      [
        5763,
        0,
        255
      ],
      [
        5764,
        0,
        255
      ],
      [
        5765,
        0,
        255
      ],
      [
        5766,
        0,
        255
      ],
      [
        5767,
        0,
        255
      ],
      [
        5768,
        0,
        255
      ],
      [
        5769,
        0,
        255
      ],
      [
        5770,
        0,
        255
      ],
      [
        5771,
        0,
        255
      ],
      [
        5772,
        0,
        255
      ],
      [
        5773,
        0,
        255
      ],
      [
        5774,
        0,
        255
      ],
      [
        5775,
        0,
        255
      ],
      [
        5776,
        0,
        255
      ],
      [
        5777,
        0,
        255
      ],
      [
        5778,
        0,
        255
      ],
      [
        5779,
        0,
        255
      ],
      [
        5780,
        0,
        255
      ],
      [
        5781,
        0,
        255
      ],
      [
        5782,
        0,
        255
      ],
      [
        5783,
        0,
        255
      ],
      [
        5784,
        0,
        255
      ],
      [
        5785,
        0,
        255
      ],
      [
        5786,
        0,
        255
      ],
      [
        5787,
        0,
        255
      ],
      [
        5788,
        0,
        255
      ],
      [
        5789,
        0,
        255
      ],
      [
        5790,
        0,
        255
      ],
      [
        5791,
        0,
        255
      ],
      [
        5792,
        0,
        255
      ],
      [
        5793,
        0,
        255
      ],
      [
        5794,
        0,
        255
      ],
      [
        5795,
        0,
        255
      ],
      [
        5796,
        0,
        255
      ],
      [
        5797,
        0,
        255
      ],
      [
        5798,
        0,
        255
      ],
      [
        5799,
        0,
        255
      ],
      [
        5800,
        0,
        255
      ],
      [
        5801,
        0,
        255
      ],
      [
        5802,
        0,
        255
      ],
      [
        5803,
        0,
        255
      ],
      [
        5804,
        0,
        255
      ],
      [
        5805,
        0,
        255
      ],
      [
        5806,
        0,
        255
      ],
      [
        5807,
        0,
        255
      ],
      [
        5808,
        0,
        255
      ],
      [
        5809,
        0,
        255
      ],
      [
        5810,
        0,
        255
      ],
      [
        5811,
        0,
        255
      ],
      [
        5812,
        0,
        255
      ],
      [
        5813,
        0,
        255
      ],
      [
        5814,
        0,
        255
      ],
      [
        5815,
        0,
        255
      ],
      [
        5816,
        0,
        255
      ],
      [
        5817,
        0,
        255
      ],
      [
        5818,
        0,
        255
      ],
      [
        5819,
        0,
        255
      ],
      [
        5820,
        0,
        255
      ],
      [
        5821,
        0,
        255
      ],
      [
        5822,
        0,
        255
      ],
      [
        5823,
        0,
        255
      ],
      [
        5824,
        0,
        255
      ],
      [
        5825,
        0,
        255
      ],
      [
        5826,
        0,
        255
      ],
      [
        5827,
        0,
        255
      ],
      [
        5828,
        0,
        255
      ],
      [
        5829,
        0,
        255
      ],
      [
        5830,
        0,
        255
      ],
      [
        5831,
        0,
        255
      ],
      [
        5832,
        0,
        255
      ],
      [
        5833,
        0,
        255
      ],
      [
        5834,
        0,
        255
      ],
      [
        5835,
        0,
        255
      ],
      [
        5836,
        0,
        255
      ],
      [
        5837,
        0,
        255
      ],
      [
        5838,
        0,
        255
      ],
      [
        5839,
        0,
        255
      ],
      [
        5840,
        0,
        255
      ],
      [
        5841,
        0,
        255
      ],
      [
        5842,
        0,
        255
      ],
      [
        5843,
        0,
        255
      ],
      [
        5844,
        0,
        255
      ],
      [
        5845,
        0,
        255
      ],
      [
        5846,
        0,
        255
      ],
      [
        5847,
        0,
        255
      ],
      [
        5848,
        0,
        255
      ],
      [
        5849,
        0,
        255
      ],
      [
        5850,
        0,
        255
      ],
      [
        5851,
        0,
        255
      ],
      [
        5852,
        0,
        255
      ],
      [
        5853,
        0,
        255
      ],
      [
        5854,
        0,
        255
      ],
      [
        5855,
        0,
        255
      ],
      [
        5856,
        0,
        255
      ],
      [
        5857,
        0,
        255
      ],
      [
        5858,
        0,
        255
      ],
      [
        5859,
        0,
        255
      ],
      [
        5860,
        0,
        255
      ],
      [
        5861,
        0,
        255
      ],
      [
        5862,
        0,
        255
      ],
      [
        5863,
        0,
        255
      ],
      [
        5864,
        0,
        255
      ],
      [
        5865,
        0,
        255
      ],
      [
        5866,
        0,
        255
      ],
      [
        5867,
        0,
        255
      ],
      [
        5868,
        0,
        255
      ],
      [
        5869,
        0,
        255
      ],
      [
        5870,
        0,
        255
      ],
      [
        5871,
        0,
        255
      ],
      [
        5872,
        0,
        255
      ],
      [
        5873,
        0,
        255
      ],
      [
        5874,
        0,
        255
      ],
      [
        5875,
        0,
        255
      ],
      [
        5876,
        0,
        255
      ],
      [
        5877,
        0,
        255
      ],
      [
        5878,
        0,
        255
      ],
      [
        5879,
        0,
        255
      ],
      [
        5880,
        0,
        255
      ],
      [
        5881,
        0,
        255
      ],
      [
        5882,
        0,
        255
      ],
      [
        5883,
        0,
        255
      ],
      [
        5884,
        0,
        255
      ],
      [
        5885,
        0,
        255
      ],
      [
        5886,
        0,
        255
      ],
      [
        5887,
        0,
        255
      ],
      [
        5888,
        0,
        255
      ],
      [
        5889,
        0,
        255
      ],
      [
        5890,
        0,
        255
      ],
      [
        5891,
        0,
        255
      ],
      [
        5892,
        0,
        255
      ],
      [
        5893,
        0,
        255
      ],
      [
        5894,
        0,
        255
      ],
      [
        5895,
        0,
        255
      ],
      [
        5896,
        0,
        255
      ],
      [
        5897,
        0,
        255
      ],
      [
        5898,
        0,
        255
      ],
      [
        5899,
        0,
        255
      ],
      [
        5900,
        0,
        255
      ],
      [
        5901,
        0,
        255
      ],
      [
        5902,
        0,
        255
      ],
      [
        5903,
        0,
        255
      ],
      [
        5904,
        0,
        255
      ],
      [
        5905,
        0,
        255
      ],
      [
        5906,
        0,
        255
      ],
      [
        5907,
        0,
        255
      ],
      [
        5908,
        0,
        255
      ],
      [
        5909,
        0,
        255
      ],
      [
        5910,
        0,
        255
      ],
      [
        5911,
        0,
        255
      ],
      [
        5912,
        0,
        255
      ],
      [
        5913,
        0,
        255
      ],
      [
        5914,
        0,
        255
      ],
      [
        5915,
        0,
        255
      ],
      [
        5916,
        0,
        255
      ],
      [
        5917,
        0,
        255
      ],
      [
        5918,
        0,
        255
      ],
      [
        5919,
        0,
        255
      ],
      [
        5920,
        0,
        255
      ],
      [
        5921,
        0,
        255
      ],
      [
        5922,
        0,
        255
      ],
      [
        5923,
        0,
        255
      ],
      [
        5924,
        0,
        255
      ],
      [
        5925,
        0,
        255
      ],
      [
        5926,
        0,
        255
      ],
      [
        5927,
        0,
        255
      ],
      [
        5928,
        0,
        255
      ],
      [
        5929,
        0,
        255
      ],
      [
        5930,
        0,
        255
      ],
      [
        5931,
        0,
        255
      ],
      [
        5932,
        0,
        255
      ],
      [
        5933,
        0,
        255
      ],
      [
        5934,
        0,
        255
      ],
      [
        5935,
        0,
        255
      ],
      [
        5936,
        0,
        255
      ],
      [
        5937,
        0,
        255
      ],
      [
        5938,
        0,
        255
      ],
      [
        5939,
        0,
        255
      ],
      [
        5940,
        0,
        255
      ],
      [
        5941,
        0,
        255
      ],
      [
        5942,
        0,
        255
      ],
      [
        5943,
        0,
        255
      ],
      [
        5944,
        0,
        255
      ],
      [
        5945,
        0,
        255
      ],
      [
        5946,
        0,
        255
      ],
      [
        5947,
        0,
        255
      ],
      [
        5948,
        0,
        255
      ],
      [
        5949,
        0,
        255
      ],
      [
        5950,
        0,
        255
      ],
      [
        5951,
        0,
        255
      ],
      [
        5952,
        0,
        255
      ],
      [
        5953,
        0,
        255
      ],
      [
        5954,
        0,
        255
      ],
      [
        5955,
        0,
        255
      ],
      [
        5956,
        0,
        255
      ],
      [
        5957,
        0,
        255
      ],
      [
        5958,
        0,
        255
      ],
      [
        5959,
        0,
        255
      ],
      [
        5960,
        0,
        255
      ],
      [
        5961,
        0,
        255
      ],
      [
        5962,
        0,
        255
      ],
      [
        5963,
        0,
        255
      ],
      [
        5964,
        0,
        255
      ],
      [
        5965,
        0,
        255
      ],
      [
        5966,
        0,
        255
      ],
      [
        5967,
        0,
        255
      ],
      [
        5968,
        0,
        255
      ],
      [
        5969,
        0,
        255
      ],
      [
        5970,
        0,
        255
      ],
      [
        5971,
        0,
        255
      ],
      [
        5972,
        0,
        255
      ],
      [
        5973,
        0,
        255
      ],
      [
        5974,
        0,
        255
      ],
      [
        5975,
        0,
        255
      ],
      [
        5976,
        0,
        255
      ],
      [
        5977,
        0,
        255
      ],
      [
        5978,
        0,
        255
      ],
      [
        5979,
        0,
        255
      ],
      [
        5980,
        0,
        255
      ],
      [
        5981,
        0,
        255
      ],
      [
        5982,
        0,
        255
      ],
      [
        5983,
        0,
        255
      ],
      [
        5984,
        0,
        255
      ],
      [
        5985,
        0,
        255
      ],
      [
        5986,
        0,
        255
      ],
      [
        5987,
        0,
        255
      ],
      [
        5988,
        0,
        255
      ],
      [
        5989,
        0,
        255
      ],
      [
        5990,
        0,
        255
      ],
      [
        5991,
        0,
        255
      ],
      [
        5992,
        0,
        255
      ],
      [
        5993,
        0,
        255
      ],
      [
        5994,
        0,
        255
      ],
      [
        5995,
        0,
        255
      ],
      [
        5996,
        0,
        255
      ],
      [
        5997,
        0,
        255
      ],
      [
        5998,
        0,
        255
      ],
      [
        5999,
        0,
        255
      ],
      [
        6000,
        0,
        255
      ],
      [
        6001,
        0,
        255
      ],
      [
        6002,
        0,
        255
      ],
      [
        6003,
        0,
        255
      ],
      [
        6004,
        0,
        255
      ],
      [
        6005,
        0,
        255
      ],
      [
        6006,
        0,
        255
      ],
      [
        6007,
        0,
        255
      ],
      [
        6008,
        0,
        255
      ],
      [
        6009,
        0,
        255
      ],
      [
        6010,
        0,
        255
      ],
      [
        6011,
        0,
        255
      ],
      [
        6012,
        0,
        255
      ],
      [
        6013,
        0,
        255
      ],
      [
        6014,
        0,
        255
      ],
      [
        6015,
        0,
        255
      ],
      [
        6016,
        0,
        255
      ],
      [
        6017,
        0,
        255
      ],
      [
        6018,
        0,
        255
      ],
      [
        6019,
        0,
        255
      ],
      [
        6020,
        0,
        255
      ],
      [
        6021,
        0,
        255
      ],
      [
        6022,
        0,
        255
      ],
      [
        6023,
        0,
        255
      ],
      [
        6024,
        0,
        255
      ],
      [
        6025,
        0,
        255
      ],
      [
        6026,
        0,
        255
      ],
      [
        6027,
        0,
        255
      ],
      [
        6028,
        0,
        255
      ],
      [
        6029,
        0,
        255
      ],
      [
        6030,
        0,
        255
      ],
      [
        6031,
        0,
        255
      ],
      [
        6032,
        0,
        255
      ],
      [
        6033,
        0,
        255
      ],
      [
        6034,
        0,
        255
      ],
      [
        6035,
        0,
        255
      ],
      [
        6036,
        0,
        255
      ],
      [
        6037,
        0,
        255
      ],
      [
        6038,
        0,
        255
      ],
      [
        6039,
        0,
        255
      ],
      [
        6040,
        0,
        255
      ],
      [
        6041,
        0,
        255
      ],
      [
        6042,
        0,
        255
      ],
      [
        6043,
        0,
        255
      ],
      [
        6044,
        0,
        255
      ],
      [
        6045,
        0,
        255
      ],
      [
        6046,
        0,
        255
      ],
      [
        6047,
        0,
        255
      ],
      [
        6048,
        0,
        255
      ],
      [
        6049,
        0,
        255
      ],
      [
        6050,
        0,
        255
      ],
      [
        6051,
        0,
        255
      ],
      [
        6052,
        0,
        255
      ],
      [
        6053,
        0,
        255
      ],
      [
        6054,
        0,
        255
      ],
      [
        6055,
        0,
        255
      ],
      [
        6056,
        0,
        255
      ],
      [
        6057,
        0,
        255
      ],
      [
        6058,
        0,
        255
      ],
      [
        6059,
        0,
        255
      ],
      [
        6060,
        0,
        255
      ],
      [
        6061,
        0,
        255
      ],
      [
        6062,
        0,
        255
      ],
      [
        6063,
        0,
        255
      ],
      [
        6064,
        0,
        255
      ],
      [
        6065,
        0,
        255
      ],
      [
        6066,
        0,
        255
      ],
      [
        6067,
        0,
        255
      ],
      [
        6068,
        0,
        255
      ],
      [
        6069,
        0,
        255
      ],
      [
        6070,
        0,
        255
      ],
      [
        6071,
        0,
        255
      ],
      [
        6072,
        0,
        255
      ],
      [
        6073,
        0,
        255
      ],
      [
        6074,
        0,
        255
      ],
      [
        6075,
        0,
        255
      ],
      [
        6076,
        0,
        255
      ],
      [
        6077,
        0,
        255
      ],
      [
        6078,
        0,
        255
      ],
      [
        6079,
        0,
        255
      ],
      [
        6080,
        0,
        255
      ],
      [
        6081,
        0,
        255
      ],
      [
        6082,
        0,
        255
      ],
      [
        6083,
        0,
        255
      ],
      [
        6084,
        0,
        255
      ],
      [
        6085,
        0,
        255
      ],
      [
        6086,
        0,
        255
      ],
      [
        6087,
        0,
        255
      ],
      [
        6088,
        0,
        255
      ],
      [
        6089,
        0,
        255
      ],
      [
        6090,
        0,
        255
      ],
      [
        6091,
        0,
        255
      ],
      [
        6092,
        0,
        255
      ],
      [
        6093,
        0,
        255
      ],
      [
        6094,
        0,
        255
      ],
      [
        6095,
        0,
        255
      ],
      [
        6096,
        0,
        255
      ],
      [
        6097,
        0,
        255
      ],
      [
        6098,
        0,
        255
      ],
      [
        6099,
        0,
        255
      ],
      [
        6100,
        0,
        255
      ],
      [
        6101,
        0,
        255
      ],
      [
        6102,
        0,
        255
      ],
      [
        6103,
        0,
        255
      ],
      [
        6104,
        0,
        255
      ],
      [
        6105,
        0,
        255
      ],
      [
        6106,
        0,
        255
      ],
      [
        6107,
        0,
        255
      ],
      [
        6108,
        0,
        255
      ],
      [
        6109,
        0,
        255
      ],
      [
        6110,
        0,
        255
      ],
      [
        6111,
        0,
        255
      ],
      [
        6112,
        0,
        255
      ],
      [
        6113,
        0,
        255
      ],
      [
        6114,
        0,
        255
      ],
      [
        6115,
        0,
        255
      ],
      [
        6116,
        0,
        255
      ],
      [
        6117,
        0,
        255
      ],
      [
        6118,
        0,
        255
      ],
      [
        6119,
        0,
        255
      ],
      [
        6120,
        0,
        255
      ],
      [
        6121,
        0,
        255
      ],
      [
        6122,
        0,
        255
      ],
      [
        6123,
        0,
        255
      ],
      [
        6124,
        0,
        255
      ],
      [
        6125,
        0,
        255
      ],
      [
        6126,
        0,
        255
      ],
      [
        6127,
        0,
        255
      ],
      [
        6128,
        0,
        255
      ],
      [
        6129,
        0,
        255
      ],
      [
        6130,
        0,
        255
      ],
      [
        6131,
        0,
        255
      ],
      [
        6132,
        0,
        255
      ],
      [
        6133,
        0,
        255
      ],
      [
        6134,
        0,
        255
      ],
      [
        6135,
        0,
        255
      ],
      [
        6136,
        0,
        255
      ],
      [
        6137,
        0,
        255
      ],
      [
        6138,
        0,
        255
      ],
      [
        6139,
        0,
        255
      ],
      [
        6140,
        0,
        255
      ],
      [
        6141,
        0,
        255
      ],
      [
        6142,
        0,
        255
      ],
      [
        6143,
        0,
        255
      ],
      [
        6144,
        0,
        255
      ],
      [
        6145,
        0,
        255
      ],
      [
        6146,
        0,
        255
      ],
      [
        6147,
        0,
        255
      ],
      [
        6148,
        0,
        255
      ],
      [
        6149,
        0,
        255
      ],
      [
        6150,
        0,
        255
      ],
      [
        6151,
        0,
        255
      ],
      [
        6152,
        0,
        255
      ],
      [
        6153,
        0,
        255
      ],
      [
        6154,
        0,
        255
      ],
      [
        6155,
        0,
        255
      ],
      [
        6156,
        0,
        255
      ],
      [
        6157,
        0,
        255
      ],
      [
        6158,
        0,
        255
      ],
      [
        6159,
        0,
        255
      ],
      [
        6160,
        0,
        255
      ],
      [
        6161,
        0,
        255
      ],
      [
        6162,
        0,
        255
      ],
      [
        6163,
        0,
        255
      ],
      [
        6164,
        0,
        255
      ],
      [
        6165,
        0,
        255
      ],
      [
        6166,
        0,
        255
      ],
      [
        6167,
        0,
        255
      ],
      [
        6168,
        0,
        255
      ],
      [
        6169,
        0,
        255
      ],
      [
        6170,
        0,
        255
      ],
      [
        6171,
        0,
        255
      ],
      [
        6172,
        0,
        255
      ],
      [
        6173,
        0,
        255
      ],
      [
        6174,
        0,
        255
      ],
      [
        6175,
        0,
        255
      ],
      [
        6176,
        0,
        255
      ],
      [
        6177,
        0,
        255
      ],
      [
        6178,
        0,
        255
      ],
      [
        6179,
        0,
        255
      ],
      [
        6180,
        0,
        255
      ],
      [
        6181,
        0,
        255
      ],
      [
        6182,
        0,
        255
      ],
      [
        6183,
        0,
        255
      ],
      [
        6184,
        0,
        255
      ],
      [
        6185,
        0,
        255
      ],
      [
        6186,
        0,
        255
      ],
      [
        6187,
        0,
        255
      ],
      [
        6188,
        0,
        255
      ],
      [
        6189,
        0,
        255
      ],
      [
        6190,
        0,
        255
      ],
      [
        6191,
        0,
        255
      ],
      [
        6192,
        0,
        255
      ],
      [
        6193,
        0,
        255
      ],
      [
        6194,
        0,
        255
      ],
      [
        6195,
        0,
        255
      ],
      [
        6196,
        0,
        255
      ],
      [
        6197,
        0,
        255
      ],
      [
        6198,
        0,
        255
      ],
      [
        6199,
        0,
        255
      ],
      [
        6200,
        0,
        255
      ],
      [
        6201,
        0,
        255
      ],
      [
        6202,
        0,
        255
      ],
      [
        6203,
        0,
        255
      ],
      [
        6204,
        0,
        255
      ],
      [
        6205,
        0,
        255
      ],
      [
        6206,
        0,
        255
      ],
      [
        6207,
        0,
        255
      ],
      [
        6208,
        0,
        255
      ],
      [
        6209,
        0,
        255
      ],
      [
        6210,
        0,
        255
      ],
      [
        6211,
        0,
        255
      ],
      [
        6212,
        0,
        255
      ],
      [
        6213,
        0,
        255
      ],
      [
        6214,
        0,
        255
      ],
      [
        6215,
        0,
        255
      ],
      [
        6216,
        0,
        255
      ],
      [
        6217,
        0,
        255
      ],
      [
        6218,
        0,
        255
      ],
      [
        6219,
        0,
        255
      ],
      [
        6220,
        0,
        255
      ],
      [
        6221,
        0,
        255
      ],
      [
        6222,
        0,
        255
      ],
      [
        6223,
        0,
        255
      ],
      [
        6224,
        0,
        255
      ],
      [
        6225,
        0,
        255
      ],
      [
        6226,
        0,
        255
      ],
      [
        6227,
        0,
        255
      ],
      [
        6228,
        0,
        255
      ],
      [
        6229,
        0,
        255
      ],
      [
        6230,
        0,
        255
      ],
      [
        6231,
        0,
        255
      ],
      [
        6232,
        0,
        255
      ],
      [
        6233,
        0,
        255
      ],
      [
        6234,
        0,
        255
      ],
      [
        6235,
        0,
        255
      ],
      [
        6236,
        0,
        255
      ],
      [
        6237,
        0,
        255
      ],
      [
        6238,
        0,
        255
      ],
      [
        6239,
        0,
        255
      ],
      [
        6240,
        0,
        255
      ],
      [
        6241,
        0,
        255
      ],
      [
        6242,
        0,
        255
      ],
      [
        6243,
        0,
        255
      ],
      [
        6244,
        0,
        255
      ],
      [
        6245,
        0,
        255
      ],
      [
        6246,
        0,
        255
      ],
      [
        6247,
        0,
        255
      ],
      [
        6248,
        0,
        255
      ],
      [
        6249,
        0,
        255
      ],
      [
        6250,
        0,
        255
      ],
      [
        6251,
        0,
        255
      ],
      [
        6252,
        0,
        255
      ],
      [
        6253,
        0,
        255
      ],
      [
        6254,
        0,
        255
      ],
      [
        6255,
        0,
        255
      ],
      [
        6256,
        0,
        255
      ],
      [
        6257,
        0,
        255
      ],
      [
        6258,
        0,
        255
      ],
      [
        6259,
        0,
        255
      ],
      [
        6260,
        0,
        255
      ],
      [
        6261,
        0,
        255
      ],
      [
        6262,
        0,
        255
      ],
      [
        6263,
        0,
        255
      ],
      [
        6264,
        0,
        255
      ],
      [
        6265,
        0,
        255
      ],
      [
        6266,
        0,
        255
      ],
      [
        6267,
        0,
        255
      ],
      [
        6268,
        0,
        255
      ],
      [
        6269,
        0,
        255
      ],
      [
        6270,
        0,
        255
      ],
      [
        6271,
        0,
        255
      ],
      [
        6272,
        0,
        255
      ],
      [
        6273,
        0,
        255
      ],
      [
        6274,
        0,
        255
      ],
      [
        6275,
        0,
        255
      ],
      [
        6276,
        0,
        255
      ],
      [
        6277,
        0,
        255
      ],
      [
        6278,
        0,
        255
      ],
      [
        6279,
        0,
        255
      ],
      [
        6280,
        0,
        255
      ],
      [
        6281,
        0,
        255
      ],
      [
        6282,
        0,
        255
      ],
      [
        6283,
        0,
        255
      ],
      [
        6284,
        0,
        255
      ],
      [
        6285,
        0,
        255
      ],
      [
        6286,
        0,
        255
      ],
      [
        6287,
        0,
        255
      ],
      [
        6288,
        0,
        255
      ],
      [
        6289,
        0,
        255
      ],
      [
        6290,
        0,
        255
      ],
      [
        6291,
        0,
        255
      ],
      [
        6292,
        0,
        255
      ],
      [
        6293,
        0,
        255
      ],
      [
        6294,
        0,
        255
      ],
      [
        6295,
        0,
        255
      ],
      [
        6296,
        0,
        255
      ],
      [
        6297,
        0,
        255
      ],
      [
        6298,
        0,
        255
      ],
      [
        6299,
        0,
        255
      ],
      [
        6300,
        0,
        255
      ],
      [
        6301,
        0,
        255
      ],
      [
        6302,
        0,
        255
      ],
      [
        6303,
        0,
        255
      ],
      [
        6304,
        0,
        255
      ],
      [
        6305,
        0,
        255
      ],
      [
        6306,
        0,
        255
      ],
      [
        6307,
        0,
        255
      ],
      [
        6308,
        0,
        255
      ],
      [
        6309,
        0,
        255
      ],
      [
        6310,
        0,
        255
      ],
      [
        6311,
        0,
        255
      ],
      [
        6312,
        0,
        255
      ],
      [
        6313,
        0,
        255
      ],
      [
        6314,
        0,
        255
      ],
      [
        6315,
        0,
        255
      ],
      [
        6316,
        0,
        255
      ],
      [
        6317,
        0,
        255
      ],
      [
        6318,
        0,
        255
      ],
      [
        6319,
        0,
        255
      ],
      [
        6320,
        0,
        255
      ],
      [
        6321,
        0,
        255
      ],
      [
        6322,
        0,
        255
      ],
      [
        6323,
        0,
        255
      ],
      [
        6324,
        0,
        255
      ],
      [
        6325,
        0,
        255
      ],
      [
        6326,
        0,
        255
      ],
      [
        6327,
        0,
        255
      ],
      [
        6328,
        0,
        255
      ],
      [
        6329,
        0,
        255
      ],
      [
        6330,
        0,
        255
      ],
      [
        6331,
        0,
        255
      ],
      [
        6332,
        0,
        255
      ],
      [
        6333,
        0,
        255
      ],
      [
        6334,
        0,
        255
      ],
      [
        6335,
        0,
        255
      ],
      [
        6336,
        0,
        255
      ],
      [
        6337,
        0,
        255
      ],
      [
        6338,
        0,
        255
      ],
      [
        6339,
        0,
        255
      ],
      [
        6340,
        0,
        255
      ],
      [
        6341,
        0,
        255
      ],
      [
        6342,
        0,
        255
      ],
      [
        6343,
        0,
        255
      ],
      [
        6344,
        0,
        255
      ],
      [
        6345,
        0,
        255
      ],
      [
        6346,
        0,
        255
      ],
      [
        6347,
        0,
        255
      ],
      [
        6348,
        0,
        255
      ],
      [
        6349,
        0,
        255
      ],
      [
        6350,
        0,
        255
      ],
      [
        6351,
        0,
        255
      ],
      [
        6352,
        0,
        255
      ],
      [
        6353,
        0,
        255
      ],
      [
        6354,
        0,
        255
      ],
      [
        6355,
        0,
        255
      ],
      [
        6356,
        0,
        255
      ],
      [
        6357,
        0,
        255
      ],
      [
        6358,
        0,
        255
      ],
      [
        6359,
        0,
        255
      ],
      [
        6360,
        0,
        255
      ],
      [
        6361,
        0,
        255
      ],
      [
        6362,
        0,
        255
      ],
      [
        6363,
        0,
        255
      ],
      [
        6364,
        0,
        255
      ],
      [
        6365,
        0,
        255
      ],
      [
        6366,
        0,
        255
      ],
      [
        6367,
        0,
        255
      ],
      [
        6368,
        0,
        255
      ],
      [
        6369,
        0,
        255
      ],
      [
        6370,
        0,
        255
      ],
      [
        6371,
        0,
        255
      ],
      [
        6372,
        0,
        255
      ],
      [
        6373,
        0,
        255
      ],
      [
        6374,
        0,
        255
      ],
      [
        6375,
        0,
        255
      ],
      [
        6376,
        0,
        255
      ],
      [
        6377,
        0,
        255
      ],
      [
        6378,
        0,
        255
      ],
      [
        6379,
        0,
        255
      ],
      [
        6380,
        0,
        255
      ],
      [
        6381,
        0,
        255
      ],
      [
        6382,
        0,
        255
      ],
      [
        6383,
        0,
        255
      ],
      [
        6384,
        0,
        255
      ],
      [
        6385,
        0,
        255
      ],
      [
        6386,
        0,
        255
      ],
      [
        6387,
        0,
        255
      ],
      [
        6388,
        0,
        255
      ],
      [
        6389,
        0,
        255
      ],
      [
        6390,
        0,
        255
      ],
      [
        6391,
        0,
        255
      ],
      [
        6392,
        0,
        255
      ],
      [
        6393,
        0,
        255
      ],
      [
        6394,
        0,
        255
      ],
      [
        6395,
        0,
        255
      ],
      [
        6396,
        0,
        255
      ],
      [
        6397,
        0,
        255
      ],
      [
        6398,
        0,
        255
      ],
      [
        6399,
        0,
        255
      ],
      [
        6400,
        0,
        255
      ],
      [
        6401,
        0,
        255
      ],
      [
        6402,
        0,
        255
      ],
      [
        6403,
        0,
        255
      ],
      [
        6404,
        0,
        255
      ],
      [
        6405,
        0,
        255
      ],
      [
        6406,
        0,
        255
      ],
      [
        6407,
        0,
        255
      ],
      [
        6408,
        0,
        255
      ],
      [
        6409,
        0,
        255
      ],
      [
        6410,
        0,
        255
      ],
      [
        6411,
        0,
        255
      ],
      [
        6412,
        0,
        255
      ],
      [
        6413,
        0,
        255
      ],
      [
        6414,
        0,
        255
      ],
      [
        6415,
        0,
        255
      ],
      [
        6416,
        0,
        255
      ],
      [
        6417,
        0,
        255
      ],
      [
        6418,
        0,
        255
      ],
      [
        6419,
        0,
        255
      ],
      [
        6420,
        0,
        255
      ],
      [
        6421,
        0,
        255
      ],
      [
        6422,
        0,
        255
      ],
      [
        6423,
        0,
        255
      ],
      [
        6424,
        0,
        255
      ],
      [
        6425,
        0,
        255
      ],
      [
        6426,
        0,
        255
      ],
      [
        6427,
        0,
        255
      ],
      [
        6428,
        0,
        255
      ],
      [
        6429,
        0,
        255
      ],
      [
        6430,
        0,
        255
      ],
      [
        6431,
        0,
        255
      ],
      [
        6432,
        0,
        255
      ],
      [
        6433,
        0,
        255
      ],
      [
        6434,
        0,
        255
      ],
      [
        6435,
        0,
        255
      ],
      [
        6436,
        0,
        255
      ],
      [
        6437,
        0,
        255
      ],
      [
        6438,
        0,
        255
      ],
      [
        6439,
        0,
        255
      ],
      [
        6440,
        0,
        255
      ],
      [
        6441,
        0,
        255
      ],
      [
        6442,
        0,
        255
      ],
      [
        6443,
        0,
        255
      ],
      [
        6444,
        0,
        255
      ],
      [
        6445,
        0,
        255
      ],
      [
        6446,
        0,
        255
      ],
      [
        6447,
        0,
        255
      ],
      [
        6448,
        0,
        255
      ],
      [
        6449,
        0,
        255
      ],
      [
        6450,
        0,
        255
      ],
      [
        6451,
        0,
        255
      ],
      [
        6452,
        0,
        255
      ],
      [
        6453,
        0,
        255
      ],
      [
        6454,
        0,
        255
      ],
      [
        6455,
        0,
        255
      ],
      [
        6456,
        0,
        255
      ],
      [
        6457,
        0,
        255
      ],
      [
        6458,
        0,
        255
      ],
      [
        6459,
        0,
        255
      ],
      [
        6460,
        0,
        255
      ],
      [
        6461,
        0,
        255
      ],
      [
        6462,
        0,
        255
      ],
      [
        6463,
        0,
        255
      ],
      [
        6464,
        0,
        255
      ],
      [
        6465,
        0,
        255
      ],
      [
        6466,
        0,
        255
      ],
      [
        6467,
        0,
        255
      ],
      [
        6468,
        0,
        255
      ],
      [
        6469,
        0,
        255
      ],
      [
        6470,
        0,
        255
      ],
      [
        6471,
        0,
        255
      ],
      [
        6472,
        0,
        255
      ],
      [
        6473,
        0,
        255
      ],
      [
        6474,
        0,
        255
      ],
      [
        6475,
        0,
        255
      ],
      [
        6476,
        0,
        255
      ],
      [
        6477,
        0,
        255
      ],
      [
        6478,
        0,
        255
      ],
      [
        6479,
        0,
        255
      ],
      [
        6480,
        0,
        255
      ],
      [
        6481,
        0,
        255
      ],
      [
        6482,
        0,
        255
      ],
      [
        6483,
        0,
        255
      ],
      [
        6484,
        0,
        255
      ],
      [
        6485,
        0,
        255
      ],
      [
        6486,
        0,
        255
      ],
      [
        6487,
        0,
        255
      ],
      [
        6488,
        0,
        255
      ],
      [
        6489,
        0,
        255
      ],
      [
        6490,
        0,
        255
      ],
      [
        6491,
        0,
        255
      ],
      [
        6492,
        0,
        255
      ],
      [
        6493,
        0,
        255
      ],
      [
        6494,
        0,
        255
      ],
      [
        6495,
        0,
        255
      ],
      [
        6496,
        0,
        255
      ],
      [
        6497,
        0,
        255
      ],
      [
        6498,
        0,
        255
      ],
      [
        6499,
        0,
        255
      ],
      [
        6500,
        0,
        255
      ],
      [
        6501,
        0,
        255
      ],
      [
        6502,
        0,
        255
      ],
      [
        6503,
        0,
        255
      ],
      [
        6504,
        0,
        255
      ],
      [
        6505,
        0,
        255
      ],
      [
        6506,
        0,
        255
      ],
      [
        6507,
        0,
        255
      ],
      [
        6508,
        0,
        255
      ],
      [
        6509,
        0,
        255
      ],
      [
        6510,
        0,
        255
      ],
      [
        6511,
        0,
        255
      ],
      [
        6512,
        0,
        255
      ],
      [
        6513,
        0,
        255
      ],
      [
        6514,
        0,
        255
      ],
      [
        6515,
        0,
        255
      ],
      [
        6516,
        0,
        255
      ],
      [
        6517,
        0,
        255
      ],
      [
        6518,
        0,
        255
      ],
      [
        6519,
        0,
        255
      ],
      [
        6520,
        0,
        255
      ],
      [
        6521,
        0,
        255
      ],
      [
        6522,
        0,
        255
      ],
      [
        6523,
        0,
        255
      ],
      [
        6524,
        0,
        255
      ],
      [
        6525,
        0,
        255
      ],
      [
        6526,
        0,
        255
      ],
      [
        6527,
        0,
        255
      ],
      [
        6528,
        0,
        255
      ],
      [
        6529,
        0,
        255
      ],
      [
        6530,
        0,
        255
      ],
      [
        6531,
        0,
        255
      ],
      [
        6532,
        0,
        255
      ],
      [
        6533,
        0,
        255
      ],
      [
        6534,
        0,
        255
      ],
      [
        6535,
        0,
        255
      ],
      [
        6536,
        0,
        255
      ],
      [
        6537,
        0,
        255
      ],
      [
        6538,
        0,
        255
      ],
      [
        6539,
        0,
        255
      ],
      [
        6540,
        0,
        255
      ],
      [
        6541,
        0,
        255
      ],
      [
        6542,
        0,
        255
      ],
      [
        6543,
        0,
        255
      ],
      [
        6544,
        0,
        255
      ],
      [
        6545,
        0,
        255
      ],
      [
        6546,
        0,
        255
      ],
      [
        6547,
        0,
        255
      ],
      [
        6548,
        0,
        255
      ],
      [
        6549,
        0,
        255
      ],
      [
        6550,
        0,
        255
      ],
      [
        6551,
        0,
        255
      ],
      [
        6552,
        0,
        255
      ],
      [
        6553,
        0,
        255
      ],
      [
        6554,
        0,
        255
      ],
      [
        6555,
        0,
        255
      ],
      [
        6556,
        0,
        255
      ],
      [
        6557,
        0,
        255
      ],
      [
        6558,
        0,
        255
      ],
      [
        6559,
        0,
        255
      ],
      [
        6560,
        0,
        255
      ],
      [
        6561,
        0,
        255
      ],
      [
        6562,
        0,
        255
      ],
      [
        6563,
        0,
        255
      ],
      [
        6564,
        0,
        255
      ],
      [
        6565,
        0,
        255
      ],
      [
        6566,
        0,
        255
      ],
      [
        6567,
        0,
        255
      ],
      [
        6568,
        0,
        255
      ],
      [
        6569,
        0,
        255
      ],
      [
        6570,
        0,
        255
      ],
      [
        6571,
        0,
        255
      ],
      [
        6572,
        0,
        255
      ],
      [
        6573,
        0,
        255
      ],
      [
        6574,
        0,
        255
      ],
      [
        6575,
        0,
        255
      ],
      [
        6576,
        0,
        255
      ],
      [
        6577,
        0,
        255
      ],
      [
        6578,
        0,
        255
      ],
      [
        6579,
        0,
        255
      ],
      [
        6580,
        0,
        255
      ],
      [
        6581,
        0,
        255
      ],
      [
        6582,
        0,
        255
      ],
      [
        6583,
        0,
        255
      ],
      [
        6584,
        0,
        255
      ],
      [
        6585,
        0,
        255
      ],
      [
        6586,
        0,
        255
      ],
      [
        6587,
        0,
        255
      ],
      [
        6588,
        0,
        255
      ],
      [
        6589,
        0,
        255
      ],
      [
        6590,
        0,
        255
      ],
      [
        6591,
        0,
        255
      ],
      [
        6592,
        0,
        255
      ],
      [
        6593,
        0,
        255
      ],
      [
        6594,
        0,
        255
      ],
      [
        6595,
        0,
        255
      ],
      [
        6596,
        0,
        255
      ],
      [
        6597,
        0,
        255
      ],
      [
        6598,
        0,
        255
      ],
      [
        6599,
        0,
        255
      ],
      [
        6600,
        0,
        255
      ],
      [
        6601,
        0,
        255
      ],
      [
        6602,
        0,
        255
      ],
      [
        6603,
        0,
        255
      ],
      [
        6604,
        0,
        255
      ],
      [
        6605,
        0,
        255
      ],
      [
        6606,
        0,
        255
      ],
      [
        6607,
        0,
        255
      ],
      [
        6608,
        0,
        255
      ],
      [
        6609,
        0,
        255
      ],
      [
        6610,
        0,
        255
      ],
      [
        6611,
        0,
        255
      ],
      [
        6612,
        0,
        255
      ],
      [
        6613,
        0,
        255
      ],
      [
        6614,
        0,
        255
      ],
      [
        6615,
        0,
        255
      ],
      [
        6616,
        0,
        255
      ],
      [
        6617,
        0,
        255
      ],
      [
        6618,
        0,
        255
      ],
      [
        6619,
        0,
        255
      ],
      [
        6620,
        0,
        255
      ],
      [
        6621,
        0,
        255
      ],
      [
        6622,
        0,
        255
      ],
      [
        6623,
        0,
        255
      ],
      [
        6624,
        0,
        255
      ],
      [
        6625,
        0,
        255
      ],
      [
        6626,
        0,
        255
      ],
      [
        6627,
        0,
        255
      ],
      [
        6628,
        0,
        255
      ],
      [
        6629,
        0,
        255
      ],
      [
        6630,
        0,
        255
      ],
      [
        6631,
        0,
        255
      ],
      [
        6632,
        0,
        255
      ],
      [
        6633,
        0,
        255
      ],
      [
        6634,
        0,
        255
      ],
      [
        6635,
        0,
        255
      ],
      [
        6636,
        0,
        255
      ],
      [
        6637,
        0,
        255
      ],
      [
        6638,
        0,
        255
      ],
      [
        6639,
        0,
        255
      ],
      [
        6640,
        0,
        255
      ],
      [
        6641,
        0,
        255
      ],
      [
        6642,
        0,
        255
      ],
      [
        6643,
        0,
        255
      ],
      [
        6644,
        0,
        255
      ],
      [
        6645,
        0,
        255
      ],
      [
        6646,
        0,
        255
      ],
      [
        6647,
        0,
        255
      ],
      [
        6648,
        0,
        255
      ],
      [
        6649,
        0,
        255
      ],
      [
        6650,
        0,
        255
      ],
      [
        6651,
        0,
        255
      ],
      [
        6652,
        0,
        255
      ],
      [
        6653,
        0,
        255
      ],
      [
        6654,
        0,
        255
      ],
      [
        6655,
        0,
        255
      ],
      [
        6656,
        0,
        255
      ],
      [
        6657,
        0,
        255
      ],
      [
        6658,
        0,
        255
      ],
      [
        6659,
        0,
        255
      ],
      [
        6660,
        0,
        255
      ],
      [
        6661,
        0,
        255
      ],
      [
        6662,
        0,
        255
      ],
      [
        6663,
        0,
        255
      ],
      [
        6664,
        0,
        255
      ],
      [
        6665,
        0,
        255
      ],
      [
        6666,
        0,
        255
      ],
      [
        6667,
        0,
        255
      ],
      [
        6668,
        0,
        255
      ],
      [
        6669,
        0,
        255
      ],
      [
        6670,
        0,
        255
      ],
      [
        6671,
        0,
        255
      ],
      [
        6672,
        0,
        255
      ],
      [
        6673,
        0,
        255
      ],
      [
        6674,
        0,
        255
      ],
      [
        6675,
        0,
        255
      ],
      [
        6676,
        0,
        255
      ],
      [
        6677,
        0,
        255
      ],
      [
        6678,
        0,
        255
      ],
      [
        6679,
        0,
        255
      ],
      [
        6680,
        0,
        255
      ],
      [
        6681,
        0,
        255
      ],
      [
        6682,
        0,
        255
      ],
      [
        6683,
        0,
        255
      ],
      [
        6684,
        0,
        255
      ],
      [
        6685,
        0,
        255
      ],
      [
        6686,
        0,
        255
      ],
      [
        6687,
        0,
        255
      ],
      [
        6688,
        0,
        255
      ],
      [
        6689,
        0,
        255
      ],
      [
        6690,
        0,
        255
      ],
      [
        6691,
        0,
        255
      ],
      [
        6692,
        0,
        255
      ],
      [
        6693,
        0,
        255
      ],
      [
        6694,
        0,
        255
      ],
      [
        6695,
        0,
        255
      ],
      [
        6696,
        0,
        255
      ],
      [
        6697,
        0,
        255
      ],
      [
        6698,
        0,
        255
      ],
      [
        6699,
        0,
        255
      ],
      [
        6700,
        0,
        255
      ],
      [
        6701,
        0,
        255
      ],
      [
        6702,
        0,
        255
      ],
      [
        6703,
        0,
        255
      ],
      [
        6704,
        0,
        255
      ],
      [
        6705,
        0,
        255
      ],
      [
        6706,
        0,
        255
      ],
      [
        6707,
        0,
        255
      ],
      [
        6708,
        0,
        255
      ],
      [
        6709,
        0,
        255
      ],
      [
        6710,
        0,
        255
      ],
      [
        6711,
        0,
        255
      ],
      [
        6712,
        0,
        255
      ],
      [
        6713,
        0,
        255
      ],
      [
        6714,
        0,
        255
      ],
      [
        6715,
        0,
        255
      ],
      [
        6716,
        0,
        255
      ],
      [
        6717,
        0,
        255
      ],
      [
        6718,
        0,
        255
      ],
      [
        6719,
        0,
        255
      ],
      [
        6720,
        0,
        255
      ],
      [
        6721,
        0,
        255
      ],
      [
        6722,
        0,
        255
      ],
      [
        6723,
        0,
        255
      ],
      [
        6724,
        0,
        255
      ],
      [
        6725,
        0,
        255
      ],
      [
        6726,
        0,
        255
      ],
      [
        6727,
        0,
        255
      ],
      [
        6728,
        0,
        255
      ],
      [
        6729,
        0,
        255
      ],
      [
        6730,
        0,
        255
      ],
      [
        6731,
        0,
        255
      ],
      [
        6732,
        0,
        255
      ],
      [
        6733,
        0,
        255
      ],
      [
        6734,
        0,
        255
      ],
      [
        6735,
        0,
        255
      ],
      [
        6736,
        0,
        255
      ],
      [
        6737,
        0,
        255
      ],
      [
        6738,
        0,
        255
      ],
      [
        6739,
        0,
        255
      ],
      [
        6740,
        0,
        255
      ],
      [
        6741,
        0,
        255
      ],
      [
        6742,
        0,
        255
      ],
      [
        6743,
        0,
        255
      ],
      [
        6744,
        0,
        255
      ],
      [
        6745,
        0,
        255
      ],
      [
        6746,
        0,
        255
      ],
      [
        6747,
        0,
        255
      ],
      [
        6748,
        0,
        255
      ],
      [
        6749,
        0,
        255
      ],
      [
        6750,
        0,
        255
      ],
      [
        6751,
        0,
        255
      ],
      [
        6752,
        0,
        255
      ],
      [
        6753,
        0,
        255
      ],
      [
        6754,
        0,
        255
      ],
      [
        6755,
        0,
        255
      ],
      [
        6756,
        0,
        255
      ],
      [
        6757,
        0,
        255
      ],
      [
        6758,
        0,
        255
      ],
      [
        6759,
        0,
        255
      ],
      [
        6760,
        0,
        255
      ],
      [
        6761,
        0,
        255
      ],
      [
        6762,
        0,
        255
      ],
      [
        6763,
        0,
        255
      ],
      [
        6764,
        0,
        255
      ],
      [
        6765,
        0,
        255
      ],
      [
        6766,
        0,
        255
      ],
      [
        6767,
        0,
        255
      ],
      [
        6768,
        0,
        255
      ],
      [
        6769,
        0,
        255
      ],
      [
        6770,
        0,
        255
      ],
      [
        6771,
        0,
        255
      ],
      [
        6772,
        0,
        255
      ],
      [
        6773,
        0,
        255
      ],
      [
        6774,
        0,
        255
      ],
      [
        6775,
        0,
        255
      ],
      [
        6776,
        0,
        255
      ],
      [
        6777,
        0,
        255
      ],
      [
        6778,
        0,
        255
      ],
      [
        6779,
        0,
        255
      ],
      [
        6780,
        0,
        255
      ],
      [
        6781,
        0,
        255
      ],
      [
        6782,
        0,
        255
      ],
      [
        6783,
        0,
        255
      ],
      [
        6784,
        0,
        255
      ],
      [
        6785,
        0,
        255
      ],
      [
        6786,
        0,
        255
      ],
      [
        6787,
        0,
        255
      ],
      [
        6788,
        0,
        255
      ],
      [
        6789,
        0,
        255
      ],
      [
        6790,
        0,
        255
      ],
      [
        6791,
        0,
        255
      ],
      [
        6792,
        0,
        255
      ],
      [
        6793,
        0,
        255
      ],
      [
        6794,
        0,
        255
      ],
      [
        6795,
        0,
        255
      ],
      [
        6796,
        0,
        255
      ],
      [
        6797,
        0,
        255
      ],
      [
        6798,
        0,
        255
      ],
      [
        6799,
        0,
        255
      ],
      [
        6800,
        0,
        255
      ],
      [
        6801,
        0,
        255
      ],
      [
        6802,
        0,
        255
      ],
      [
        6803,
        0,
        255
      ],
      [
        6804,
        0,
        255
      ],
      [
        6805,
        0,
        255
      ],
      [
        6806,
        0,
        255
      ],
      [
        6807,
        0,
        255
      ],
      [
        6808,
        0,
        255
      ],
      [
        6809,
        0,
        255
      ],
      [
        6810,
        0,
        255
      ],
      [
        6811,
        0,
        255
      ],
      [
        6812,
        0,
        255
      ],
      [
        6813,
        0,
        255
      ],
      [
        6814,
        0,
        255
      ],
      [
        6815,
        0,
        255
      ],
      [
        6816,
        0,
        255
      ],
      [
        6817,
        0,
        255
      ],
      [
        6818,
        0,
        255
      ],
      [
        6819,
        0,
        255
      ],
      [
        6820,
        0,
        255
      ],
      [
        6821,
        0,
        255
      ],
      [
        6822,
        0,
        255
      ],
      [
        6823,
        0,
        255
      ],
      [
        6824,
        0,
        255
      ],
      [
        6825,
        0,
        255
      ],
      [
        6826,
        0,
        255
      ],
      [
        6827,
        0,
        255
      ],
      [
        6828,
        0,
        255
      ],
      [
        6829,
        0,
        255
      ],
      [
        6830,
        0,
        255
      ],
      [
        6831,
        0,
        255
      ],
      [
        6832,
        0,
        255
      ],
      [
        6833,
        0,
        255
      ],
      [
        6834,
        0,
        255
      ],
      [
        6835,
        0,
        255
      ],
      [
        6836,
        0,
        255
      ],
      [
        6837,
        0,
        255
      ],
      [
        6838,
        0,
        255
      ],
      [
        6839,
        0,
        255
      ],
      [
        6840,
        0,
        255
      ],
      [
        6841,
        0,
        255
      ],
      [
        6842,
        0,
        255
      ],
      [
        6843,
        0,
        255
      ],
      [
        6844,
        0,
        255
      ],
      [
        6845,
        0,
        255
      ],
      [
        6846,
        0,
        255
      ],
      [
        6847,
        0,
        255
      ],
      [
        6848,
        0,
        255
      ],
      [
        6849,
        0,
        255
      ],
      [
        6850,
        0,
        255
      ],
      [
        6851,
        0,
        255
      ],
      [
        6852,
        0,
        255
      ],
      [
        6853,
        0,
        255
      ],
      [
        6854,
        0,
        255
      ],
      [
        6855,
        0,
        255
      ],
      [
        6856,
        0,
        255
      ],
      [
        6857,
        0,
        255
      ],
      [
        6858,
        0,
        255
      ],
      [
        6859,
        0,
        255
      ],
      [
        6860,
        0,
        255
      ],
      [
        6861,
        0,
        255
      ],
      [
        6862,
        0,
        255
      ],
      [
        6863,
        0,
        255
      ],
      [
        6864,
        0,
        255
      ],
      [
        6865,
        0,
        255
      ],
      [
        6866,
        0,
        255
      ],
      [
        6867,
        0,
        255
      ],
      [
        6868,
        0,
        255
      ],
      [
        6869,
        0,
        255
      ],
      [
        6870,
        0,
        255
      ],
      [
        6871,
        0,
        255
      ],
      [
        6872,
        0,
        255
      ],
      [
        6873,
        0,
        255
      ],
      [
        6874,
        0,
        255
      ],
      [
        6875,
        0,
        255
      ],
      [
        6876,
        0,
        255
      ],
      [
        6877,
        0,
        255
      ],
      [
        6878,
        0,
        255
      ],
      [
        6879,
        0,
        255
      ],
      [
        6880,
        0,
        255
      ],
      [
        6881,
        0,
        255
      ],
      [
        6882,
        0,
        255
      ],
      [
        6883,
        0,
        255
      ],
      [
        6884,
        0,
        255
      ],
      [
        6885,
        0,
        255
      ],
      [
        6886,
        0,
        255
      ],
      [
        6887,
        0,
        255
      ],
      [
        6888,
        0,
        255
      ],
      [
        6889,
        0,
        255
      ],
      [
        6890,
        0,
        255
      ],
      [
        6891,
        0,
        255
      ],
      [
        6892,
        0,
        255
      ],
      [
        6893,
        0,
        255
      ],
      [
        6894,
        0,
        255
      ],
      [
        6895,
        0,
        255
      ],
      [
        6896,
        0,
        255
      ],
      [
        6897,
        0,
        255
      ],
      [
        6898,
        0,
        255
      ],
      [
        6899,
        0,
        255
      ],
      [
        6900,
        0,
        255
      ],
      [
        6901,
        0,
        255
      ],
      [
        6902,
        0,
        255
      ],
      [
        6903,
        0,
        255
      ],
      [
        6904,
        0,
        255
      ],
      [
        6905,
        0,
        255
      ],
      [
        6906,
        0,
        255
      ],
      [
        6907,
        0,
        255
      ],
      [
        6908,
        0,
        255
      ],
      [
        6909,
        0,
        255
      ],
      [
        6910,
        0,
        255
      ],
      [
        6911,
        0,
        255
      ],
      [
        6912,
        0,
        255
      ],
      [
        6913,
        0,
        255
      ],
      [
        6914,
        0,
        255
      ],
      [
        6915,
        0,
        255
      ],
      [
        6916,
        0,
        255
      ],
      [
        6917,
        0,
        255
      ],
      [
        6918,
        0,
        255
      ],
      [
        6919,
        0,
        255
      ],
      [
        6920,
        0,
        255
      ],
      [
        6921,
        0,
        255
      ],
      [
        6922,
        0,
        255
      ],
      [
        6923,
        0,
        255
      ],
      [
        6924,
        0,
        255
      ],
      [
        6925,
        0,
        255
      ],
      [
        6926,
        0,
        255
      ],
      [
        6927,
        0,
        255
      ],
      [
        6928,
        0,
        255
      ],
      [
        6929,
        0,
        255
      ],
      [
        6930,
        0,
        255
      ],
      [
        6931,
        0,
        255
      ],
      [
        6932,
        0,
        255
      ],
      [
        6933,
        0,
        255
      ],
      [
        6934,
        0,
        255
      ],
      [
        6935,
        0,
        255
      ],
      [
        6936,
        0,
        255
      ],
      [
        6937,
        0,
        255
      ],
      [
        6938,
        0,
        255
      ],
      [
        6939,
        0,
        255
      ],
      [
        6940,
        0,
        255
      ],
      [
        6941,
        0,
        255
      ],
      [
        6942,
        0,
        255
      ],
      [
        6943,
        0,
        255
      ],
      [
        6944,
        0,
        255
      ],
      [
        6945,
        0,
        255
      ],
      [
        6946,
        0,
        255
      ],
      [
        6947,
        0,
        255
      ],
      [
        6948,
        0,
        255
      ],
      [
        6949,
        0,
        255
      ],
      [
        6950,
        0,
        255
      ],
      [
        6951,
        0,
        255
      ],
      [
        6952,
        0,
        255
      ],
      [
        6953,
        0,
        255
      ],
      [
        6954,
        0,
        255
      ],
      [
        6955,
        0,
        255
      ],
      [
        6956,
        0,
        255
      ],
      [
        6957,
        0,
        255
      ],
      [
        6958,
        0,
        255
      ],
      [
        6959,
        0,
        255
      ],
      [
        6960,
        0,
        255
      ],
      [
        6961,
        0,
        255
      ],
      [
        6962,
        0,
        255
      ],
      [
        6963,
        0,
        255
      ],
      [
        6964,
        0,
        255
      ],
      [
        6965,
        0,
        255
      ],
      [
        6966,
        0,
        255
      ],
      [
        6967,
        0,
        255
      ],
      [
        6968,
        0,
        255
      ],
      [
        6969,
        0,
        255
      ],
      [
        6970,
        0,
        255
      ],
      [
        6971,
        0,
        255
      ],
      [
        6972,
        0,
        255
      ],
      [
        6973,
        0,
        255
      ],
      [
        6974,
        0,
        255
      ],
      [
        6975,
        0,
        255
      ],
      [
        6976,
        0,
        255
      ],
      [
        6977,
        0,
        255
      ],
      [
        6978,
        0,
        255
      ],
      [
        6979,
        0,
        255
      ],
      [
        6980,
        0,
        255
      ],
      [
        6981,
        0,
        255
      ],
      [
        6982,
        0,
        255
      ],
      [
        6983,
        0,
        255
      ],
      [
        6984,
        0,
        255
      ],
      [
        6985,
        0,
        255
      ],
      [
        6986,
        0,
        255
      ],
      [
        6987,
        0,
        255
      ],
      [
        6988,
        0,
        255
      ],
      [
        6989,
        0,
        255
      ],
      [
        6990,
        0,
        255
      ],
      [
        6991,
        0,
        255
      ],
      [
        6992,
        0,
        255
      ],
      [
        6993,
        0,
        255
      ],
      [
        6994,
        0,
        255
      ],
      [
        6995,
        0,
        255
      ],
      [
        6996,
        0,
        255
      ],
      [
        6997,
        0,
        255
      ],
      [
        6998,
        0,
        255
      ],
      [
        6999,
        0,
        255
      ],
      [
        7000,
        0,
        255
      ],
      [
        7001,
        0,
        255
      ],
      [
        7002,
        0,
        255
      ],
      [
        7003,
        0,
        255
      ],
      [
        7004,
        0,
        255
      ],
      [
        7005,
        0,
        255
      ],
      [
        7006,
        0,
        255
      ],
      [
        7007,
        0,
        255
      ],
      [
        7008,
        0,
        255
      ],
      [
        7009,
        0,
        255
      ],
      [
        7010,
        0,
        255
      ],
      [
        7011,
        0,
        255
      ],
      [
        7012,
        0,
        255
      ],
      [
        7013,
        0,
        255
      ],
      [
        7014,
        0,
        255
      ],
      [
        7015,
        0,
        255
      ],
      [
        7016,
        0,
        255
      ],
      [
        7017,
        0,
        255
      ],
      [
        7018,
        0,
        255
      ],
      [
        7019,
        0,
        255
      ],
      [
        7020,
        0,
        255
      ],
      [
        7021,
        0,
        255
      ],
      [
        7022,
        0,
        255
      ],
      [
        7023,
        0,
        255
      ],
      [
        7024,
        0,
        255
      ],
      [
        7025,
        0,
        255
      ],
      [
        7026,
        0,
        255
      ],
      [
        7027,
        0,
        255
      ],
      [
        7028,
        0,
        255
      ],
      [
        7029,
        0,
        255
      ],
      [
        7030,
        0,
        255
      ],
      [
        7031,
        0,
        255
      ],
      [
        7032,
        0,
        255
      ],
      [
        7033,
        0,
        255
      ],
      [
        7034,
        0,
        255
      ],
      [
        7035,
        0,
        255
      ],
      [
        7036,
        0,
        255
      ],
      [
        7037,
        0,
        255
      ],
      [
        7038,
        0,
        255
      ],
      [
        7039,
        0,
        255
      ],
      [
        7040,
        0,
        255
      ],
      [
        7041,
        0,
        255
      ],
      [
        7042,
        0,
        255
      ],
      [
        7043,
        0,
        255
      ],
      [
        7044,
        0,
        255
      ],
      [
        7045,
        0,
        255
      ],
      [
        7046,
        0,
        255
      ],
      [
        7047,
        0,
        255
      ],
      [
        7048,
        0,
        255
      ],
      [
        7049,
        0,
        255
      ],
      [
        7050,
        0,
        255
      ],
      [
        7051,
        0,
        255
      ],
      [
        7052,
        0,
        255
      ],
      [
        7053,
        0,
        255
      ],
      [
        7054,
        0,
        255
      ],
      [
        7055,
        0,
        255
      ],
      [
        7056,
        0,
        255
      ],
      [
        7057,
        0,
        255
      ],
      [
        7058,
        0,
        255
      ],
      [
        7059,
        0,
        255
      ],
      [
        7060,
        0,
        255
      ],
      [
        7061,
        0,
        255
      ],
      [
        7062,
        0,
        255
      ],
      [
        7063,
        0,
        255
      ],
      [
        7064,
        0,
        255
      ],
      [
        7065,
        0,
        255
      ],
      [
        7066,
        0,
        255
      ],
      [
        7067,
        0,
        255
      ],
      [
        7068,
        0,
        255
      ],
      [
        7069,
        0,
        255
      ],
      [
        7070,
        0,
        255
      ],
      [
        7071,
        0,
        255
      ],
      [
        7072,
        0,
        255
      ],
      [
        7073,
        0,
        255
      ],
      [
        7074,
        0,
        255
      ],
      [
        7075,
        0,
        255
      ],
      [
        7076,
        0,
        255
      ],
      [
        7077,
        0,
        255
      ],
      [
        7078,
        0,
        255
      ],
      [
        7079,
        0,
        255
      ],
      [
        7080,
        0,
        255
      ],
      [
        7081,
        0,
        255
      ],
      [
        7082,
        0,
        255
      ],
      [
        7083,
        0,
        255
      ],
      [
        7084,
        0,
        255
      ],
      [
        7085,
        0,
        255
      ],
      [
        7086,
        0,
        255
      ],
      [
        7087,
        0,
        255
      ],
      [
        7088,
        0,
        255
      ],
      [
        7089,
        0,
        255
      ],
      [
        7090,
        0,
        255
      ],
      [
        7091,
        0,
        255
      ],
      [
        7092,
        0,
        255
      ],
      [
        7093,
        0,
        255
      ],
      [
        7094,
        0,
        255
      ],
      [
        7095,
        0,
        255
      ],
      [
        7096,
        0,
        255
      ],
      [
        7097,
        0,
        255
      ],
      [
        7098,
        0,
        255
      ],
      [
        7099,
        0,
        255
      ],
      [
        7100,
        0,
        255
      ],
      [
        7101,
        0,
        255
      ],
      [
        7102,
        0,
        255
      ],
      [
        7103,
        0,
        255
      ],
      [
        7104,
        0,
        255
      ],
      [
        7105,
        0,
        255
      ],
      [
        7106,
        0,
        255
      ],
      [
        7107,
        0,
        255
      ],
      [
        7108,
        0,
        255
      ],
      [
        7109,
        0,
        255
      ],
      [
        7110,
        0,
        255
      ],
      [
        7111,
        0,
        255
      ],
      [
        7112,
        0,
        255
      ],
      [
        7113,
        0,
        255
      ],
      [
        7114,
        0,
        255
      ],
      [
        7115,
        0,
        255
      ],
      [
        7116,
        0,
        255
      ],
      [
        7117,
        0,
        255
      ],
      [
        7118,
        0,
        255
      ],
      [
        7119,
        0,
        255
      ],
      [
        7120,
        0,
        255
      ],
      [
        7121,
        0,
        255
      ],
      [
        7122,
        0,
        255
      ],
      [
        7123,
        0,
        255
      ],
      [
        7124,
        0,
        255
      ],
      [
        7125,
        0,
        255
      ],
      [
        7126,
        0,
        255
      ],
      [
        7127,
        0,
        255
      ],
      [
        7128,
        0,
        255
      ],
      [
        7129,
        0,
        255
      ],
      [
        7130,
        0,
        255
      ],
      [
        7131,
        0,
        255
      ],
      [
        7132,
        0,
        255
      ],
      [
        7133,
        0,
        255
      ],
      [
        7134,
        0,
        255
      ],
      [
        7135,
        0,
        255
      ],
      [
        7136,
        0,
        255
      ],
      [
        7137,
        0,
        255
      ],
      [
        7138,
        0,
        255
      ],
      [
        7139,
        0,
        255
      ],
      [
        7140,
        0,
        255
      ],
      [
        7141,
        0,
        255
      ],
      [
        7142,
        0,
        255
      ],
      [
        7143,
        0,
        255
      ],
      [
        7144,
        0,
        255
      ],
      [
        7145,
        0,
        255
      ],
      [
        7146,
        0,
        255
      ],
      [
        7147,
        0,
        255
      ],
      [
        7148,
        0,
        255
      ],
      [
        7149,
        0,
        255
      ],
      [
        7150,
        0,
        255
      ],
      [
        7151,
        0,
        255
      ],
      [
        7152,
        0,
        255
      ],
      [
        7153,
        0,
        255
      ],
      [
        7154,
        0,
        255
      ],
      [
        7155,
        0,
        255
      ],
      [
        7156,
        0,
        255
      ],
      [
        7157,
        0,
        255
      ],
      [
        7158,
        0,
        255
      ],
      [
        7159,
        0,
        255
      ],
      [
        7160,
        0,
        255
      ],
      [
        7161,
        0,
        255
      ],
      [
        7162,
        0,
        255
      ],
      [
        7163,
        0,
        255
      ],
      [
        7164,
        0,
        255
      ],
      [
        7165,
        0,
        255
      ],
      [
        7166,
        0,
        255
      ],
      [
        7167,
        0,
        255
      ],
      [
        7168,
        0,
        255
      ],
      [
        7169,
        0,
        255
      ],
      [
        7170,
        0,
        255
      ],
      [
        7171,
        0,
        255
      ],
      [
        7172,
        0,
        255
      ],
      [
        7173,
        0,
        255
      ],
      [
        7174,
        0,
        255
      ],
      [
        7175,
        0,
        255
      ],
      [
        7176,
        0,
        255
      ],
      [
        7177,
        0,
        255
      ],
      [
        7178,
        0,
        255
      ],
      [
        7179,
        0,
        255
      ],
      [
        7180,
        0,
        255
      ],
      [
        7181,
        0,
        255
      ],
      [
        7182,
        0,
        255
      ],
      [
        7183,
        0,
        255
      ],
      [
        7184,
        0,
        255
      ],
      [
        7185,
        0,
        255
      ],
      [
        7186,
        0,
        255
      ],
      [
        7187,
        0,
        255
      ],
      [
        7188,
        0,
        255
      ],
      [
        7189,
        0,
        255
      ],
      [
        7190,
        0,
        255
      ],
      [
        7191,
        0,
        255
      ],
      [
        7192,
        0,
        255
      ],
      [
        7193,
        0,
        255
      ],
      [
        7194,
        0,
        255
      ],
      [
        7195,
        0,
        255
      ],
      [
        7196,
        0,
        255
      ],
      [
        7197,
        0,
        255
      ],
      [
        7198,
        0,
        255
      ],
      [
        7199,
        0,
        255
      ],
      [
        7200,
        0,
        255
      ],
      [
        7201,
        0,
        255
      ],
      [
        7202,
        0,
        255
      ],
      [
        7203,
        0,
        255
      ],
      [
        7204,
        0,
        255
      ],
      [
        7205,
        0,
        255
      ],
      [
        7206,
        0,
        255
      ],
      [
        7207,
        0,
        255
      ],
      [
        7208,
        0,
        255
      ],
      [
        7209,
        0,
        255
      ],
      [
        7210,
        0,
        255
      ],
      [
        7211,
        0,
        255
      ],
      [
        7212,
        0,
        255
      ],
      [
        7213,
        0,
        255
      ],
      [
        7214,
        0,
        255
      ],
      [
        7215,
        0,
        255
      ],
      [
        7216,
        0,
        255
      ],
      [
        7217,
        0,
        255
      ],
      [
        7218,
        0,
        255
      ],
      [
        7219,
        0,
        255
      ],
      [
        7220,
        0,
        255
      ],
      [
        7221,
        0,
        255
      ],
      [
        7222,
        0,
        255
      ],
      [
        7223,
        0,
        255
      ],
      [
        7224,
        0,
        255
      ],
      [
        7225,
        0,
        255
      ],
      [
        7226,
        0,
        255
      ],
      [
        7227,
        0,
        255
      ],
      [
        7228,
        0,
        255
      ],
      [
        7229,
        0,
        255
      ],
      [
        7230,
        0,
        255
      ],
      [
        7231,
        0,
        255
      ],
      [
        7232,
        0,
        255
      ],
      [
        7233,
        0,
        255
      ],
      [
        7234,
        0,
        255
      ],
      [
        7235,
        0,
        255
      ],
      [
        7236,
        0,
        255
      ],
      [
        7237,
        0,
        255
      ],
      [
        7238,
        0,
        255
      ],
      [
        7239,
        0,
        255
      ],
      [
        7240,
        0,
        255
      ],
      [
        7241,
        0,
        255
      ],
      [
        7242,
        0,
        255
      ],
      [
        7243,
        0,
        255
      ],
      [
        7244,
        0,
        255
      ],
      [
        7245,
        0,
        255
      ],
      [
        7246,
        0,
        255
      ],
      [
        7247,
        0,
        255
      ],
      [
        7248,
        0,
        255
      ],
      [
        7249,
        0,
        255
      ],
      [
        7250,
        0,
        255
      ],
      [
        7251,
        0,
        255
      ],
      [
        7252,
        0,
        255
      ],
      [
        7253,
        0,
        255
      ],
      [
        7254,
        0,
        255
      ],
      [
        7255,
        0,
        255
      ],
      [
        7256,
        0,
        255
      ],
      [
        7257,
        0,
        255
      ],
      [
        7258,
        0,
        255
      ],
      [
        7259,
        0,
        255
      ],
      [
        7260,
        0,
        255
      ],
      [
        7261,
        0,
        255
      ],
      [
        7262,
        0,
        255
      ],
      [
        7263,
        0,
        255
      ],
      [
        7264,
        0,
        255
      ],
      [
        7265,
        0,
        255
      ],
      [
        7266,
        0,
        255
      ],
      [
        7267,
        0,
        255
      ],
      [
        7268,
        0,
        255
      ],
      [
        7269,
        0,
        255
      ],
      [
        7270,
        0,
        255
      ],
      [
        7271,
        0,
        255
      ],
      [
        7272,
        0,
        255
      ],
      [
        7273,
        0,
        255
      ],
      [
        7274,
        0,
        255
      ],
      [
        7275,
        0,
        255
      ],
      [
        7276,
        0,
        255
      ],
      [
        7277,
        0,
        255
      ],
      [
        7278,
        0,
        255
      ],
      [
        7279,
        0,
        255
      ],
      [
        7280,
        0,
        255
      ],
      [
        7281,
        0,
        255
      ],
      [
        7282,
        0,
        255
      ],
      [
        7283,
        0,
        255
      ],
      [
        7284,
        0,
        255
      ],
      [
        7285,
        0,
        255
      ],
      [
        7286,
        0,
        255
      ],
      [
        7287,
        0,
        255
      ],
      [
        7288,
        0,
        255
      ],
      [
        7289,
        0,
        255
      ],
      [
        7290,
        0,
        255
      ],
      [
        7291,
        0,
        255
      ],
      [
        7292,
        0,
        255
      ],
      [
        7293,
        0,
        255
      ],
      [
        7294,
        0,
        255
      ],
      [
        7295,
        0,
        255
      ],
      [
        7296,
        0,
        255
      ],
      [
        7297,
        0,
        255
      ],
      [
        7298,
        0,
        255
      ],
      [
        7299,
        0,
        255
      ],
      [
        7300,
        0,
        255
      ],
      [
        7301,
        0,
        255
      ],
      [
        7302,
        0,
        255
      ],
      [
        7303,
        0,
        255
      ],
      [
        7304,
        0,
        255
      ],
      [
        7305,
        0,
        255
      ],
      [
        7306,
        0,
        255
      ],
      [
        7307,
        0,
        255
      ],
      [
        7308,
        0,
        255
      ],
      [
        7309,
        0,
        255
      ],
      [
        7310,
        0,
        255
      ],
      [
        7311,
        0,
        255
      ],
      [
        7312,
        0,
        255
      ],
      [
        7313,
        0,
        255
      ],
      [
        7314,
        0,
        255
      ],
      [
        7315,
        0,
        255
      ],
      [
        7316,
        0,
        255
      ],
      [
        7317,
        0,
        255
      ],
      [
        7318,
        0,
        255
      ],
      [
        7319,
        0,
        255
      ],
      [
        7320,
        0,
        255
      ],
      [
        7321,
        0,
        255
      ],
      [
        7322,
        0,
        255
      ],
      [
        7323,
        0,
        255
      ],
      [
        7324,
        0,
        255
      ],
      [
        7325,
        0,
        255
      ],
      [
        7326,
        0,
        255
      ],
      [
        7327,
        0,
        255
      ],
      [
        7328,
        0,
        255
      ],
      [
        7329,
        0,
        255
      ],
      [
        7330,
        0,
        255
      ],
      [
        7331,
        0,
        255
      ],
      [
        7332,
        0,
        255
      ],
      [
        7333,
        0,
        255
      ],
      [
        7334,
        0,
        255
      ],
      [
        7335,
        0,
        255
      ],
      [
        7336,
        0,
        255
      ],
      [
        7337,
        0,
        255
      ],
      [
        7338,
        0,
        255
      ],
      [
        7339,
        0,
        255
      ],
      [
        7340,
        0,
        255
      ],
      [
        7341,
        0,
        255
      ],
      [
        7342,
        0,
        255
      ],
      [
        7343,
        0,
        255
      ],
      [
        7344,
        0,
        255
      ],
      [
        7345,
        0,
        255
      ],
      [
        7346,
        0,
        255
      ],
      [
        7347,
        0,
        255
      ],
      [
        7348,
        0,
        255
      ],
      [
        7349,
        0,
        255
      ],
      [
        7350,
        0,
        255
      ],
      [
        7351,
        0,
        255
      ],
      [
        7352,
        0,
        255
      ],
      [
        7353,
        0,
        255
      ],
      [
        7354,
        0,
        255
      ],
      [
        7355,
        0,
        255
      ],
      [
        7356,
        0,
        255
      ],
      [
        7357,
        0,
        255
      ],
      [
        7358,
        0,
        255
      ],
      [
        7359,
        0,
        255
      ],
      [
        7360,
        0,
        255
      ],
      [
        7361,
        0,
        255
      ],
      [
        7362,
        0,
        255
      ],
      [
        7363,
        0,
        255
      ],
      [
        7364,
        0,
        255
      ],
      [
        7365,
        0,
        255
      ],
      [
        7366,
        0,
        255
      ],
      [
        7367,
        0,
        255
      ],
      [
        7368,
        0,
        255
      ],
      [
        7369,
        0,
        255
      ],
      [
        7370,
        0,
        255
      ],
      [
        7371,
        0,
        255
      ],
      [
        7372,
        0,
        255
      ],
      [
        7373,
        0,
        255
      ],
      [
        7374,
        0,
        255
      ],
      [
        7375,
        0,
        255
      ],
      [
        7376,
        0,
        255
      ],
      [
        7377,
        0,
        255
      ],
      [
        7378,
        0,
        255
      ],
      [
        7379,
        0,
        255
      ],
      [
        7380,
        0,
        255
      ],
      [
        7381,
        0,
        255
      ],
      [
        7382,
        0,
        255
      ],
      [
        7383,
        0,
        255
      ],
      [
        7384,
        0,
        255
      ],
      [
        7385,
        0,
        255
      ],
      [
        7386,
        0,
        255
      ],
      [
        7387,
        0,
        255
      ],
      [
        7388,
        0,
        255
      ],
      [
        7389,
        0,
        255
      ],
      [
        7390,
        0,
        255
      ],
      [
        7391,
        0,
        255
      ],
      [
        7392,
        0,
        255
      ],
      [
        7393,
        0,
        255
      ],
      [
        7394,
        0,
        255
      ],
      [
        7395,
        0,
        255
      ],
      [
        7396,
        0,
        255
      ],
      [
        7397,
        0,
        255
      ],
      [
        7398,
        0,
        255
      ],
      [
        7399,
        0,
        255
      ],
      [
        7400,
        0,
        255
      ],
      [
        7401,
        0,
        255
      ],
      [
        7402,
        0,
        255
      ],
      [
        7403,
        0,
        255
      ],
      [
        7404,
        0,
        255
      ],
      [
        7405,
        0,
        255
      ],
      [
        7406,
        0,
        255
      ],
      [
        7407,
        0,
        255
      ],
      [
        7408,
        0,
        255
      ],
      [
        7409,
        0,
        255
      ],
      [
        7410,
        0,
        255
      ],
      [
        7411,
        0,
        255
      ],
      [
        7412,
        0,
        255
      ],
      [
        7413,
        0,
        255
      ],
      [
        7414,
        0,
        255
      ],
      [
        7415,
        0,
        255
      ],
      [
        7416,
        0,
        255
      ],
      [
        7417,
        0,
        255
      ],
      [
        7418,
        0,
        255
      ],
      [
        7419,
        0,
        255
      ],
      [
        7420,
        0,
        255
      ],
      [
        7421,
        0,
        255
      ],
      [
        7422,
        0,
        255
      ],
      [
        7423,
        0,
        255
      ],
      [
        7424,
        0,
        255
      ],
      [
        7425,
        0,
        255
      ],
      [
        7426,
        0,
        255
      ],
      [
        7427,
        0,
        255
      ],
      [
        7428,
        0,
        255
      ],
      [
        7429,
        0,
        255
      ],
      [
        7430,
        0,
        255
      ],
      [
        7431,
        0,
        255
      ],
      [
        7432,
        0,
        255
      ],
      [
        7433,
        0,
        255
      ],
      [
        7434,
        0,
        255
      ],
      [
        7435,
        0,
        255
      ],
      [
        7436,
        0,
        255
      ],
      [
        7437,
        0,
        255
      ],
      [
        7438,
        0,
        255
      ],
      [
        7439,
        0,
        255
      ],
      [
        7440,
        0,
        255
      ],
      [
        7441,
        0,
        255
      ],
      [
        7442,
        0,
        255
      ],
      [
        7443,
        0,
        255
      ],
      [
        7444,
        0,
        255
      ],
      [
        7445,
        0,
        255
      ],
      [
        7446,
        0,
        255
      ],
      [
        7447,
        0,
        255
      ],
      [
        7448,
        0,
        255
      ],
      [
        7449,
        0,
        255
      ],
      [
        7450,
        0,
        255
      ],
      [
        7451,
        0,
        255
      ],
      [
        7452,
        0,
        255
      ],
      [
        7453,
        0,
        255
      ],
      [
        7454,
        0,
        255
      ],
      [
        7455,
        0,
        255
      ],
      [
        7456,
        0,
        255
      ],
      [
        7457,
        0,
        255
      ],
      [
        7458,
        0,
        255
      ],
      [
        7459,
        0,
        255
      ],
      [
        7460,
        0,
        255
      ],
      [
        7461,
        0,
        255
      ],
      [
        7462,
        0,
        255
      ],
      [
        7463,
        0,
        255
      ],
      [
        7464,
        0,
        255
      ],
      [
        7465,
        0,
        255
      ],
      [
        7466,
        0,
        255
      ],
      [
        7467,
        0,
        255
      ],
      [
        7468,
        0,
        255
      ],
      [
        7469,
        0,
        255
      ],
      [
        7470,
        0,
        255
      ],
      [
        7471,
        0,
        255
      ],
      [
        7472,
        0,
        255
      ],
      [
        7473,
        0,
        255
      ],
      [
        7474,
        0,
        255
      ],
      [
        7475,
        0,
        255
      ],
      [
        7476,
        0,
        255
      ],
      [
        7477,
        0,
        255
      ],
      [
        7478,
        0,
        255
      ],
      [
        7479,
        0,
        255
      ],
      [
        7480,
        0,
        255
      ],
      [
        7481,
        0,
        255
      ],
      [
        7482,
        0,
        255
      ],
      [
        7483,
        0,
        255
      ],
      [
        7484,
        0,
        255
      ],
      [
        7485,
        0,
        255
      ],
      [
        7486,
        0,
        255
      ],
      [
        7487,
        0,
        255
      ],
      [
        7488,
        0,
        255
      ],
      [
        7489,
        0,
        255
      ],
      [
        7490,
        0,
        255
      ],
      [
        7491,
        0,
        255
      ],
      [
        7492,
        0,
        255
      ],
      [
        7493,
        0,
        255
      ],
      [
        7494,
        0,
        255
      ],
      [
        7495,
        0,
        255
      ],
      [
        7496,
        0,
        255
      ],
      [
        7497,
        0,
        255
      ],
      [
        7498,
        0,
        255
      ],
      [
        7499,
        0,
        255
      ],
      [
        7500,
        0,
        255
      ],
      [
        7501,
        0,
        255
      ],
      [
        7502,
        0,
        255
      ],
      [
        7503,
        0,
        255
      ],
      [
        7504,
        0,
        255
      ],
      [
        7505,
        0,
        255
      ],
      [
        7506,
        0,
        255
      ],
      [
        7507,
        0,
        255
      ],
      [
        7508,
        0,
        255
      ],
      [
        7509,
        0,
        255
      ],
      [
        7510,
        0,
        255
      ],
      [
        7511,
        0,
        255
      ],
      [
        7512,
        0,
        255
      ],
      [
        7513,
        0,
        255
      ],
      [
        7514,
        0,
        255
      ],
      [
        7515,
        0,
        255
      ],
      [
        7516,
        0,
        255
      ],
      [
        7517,
        0,
        255
      ],
      [
        7518,
        0,
        255
      ],
      [
        7519,
        0,
        255
      ],
      [
        7520,
        0,
        255
      ],
      [
        7521,
        0,
        255
      ],
      [
        7522,
        0,
        255
      ],
      [
        7523,
        0,
        255
      ],
      [
        7524,
        0,
        255
      ],
      [
        7525,
        0,
        255
      ],
      [
        7526,
        0,
        255
      ],
      [
        7527,
        0,
        255
      ],
      [
        7528,
        0,
        255
      ],
      [
        7529,
        0,
        255
      ],
      [
        7530,
        0,
        255
      ],
      [
        7531,
        0,
        255
      ],
      [
        7532,
        0,
        255
      ],
      [
        7533,
        0,
        255
      ],
      [
        7534,
        0,
        255
      ],
      [
        7535,
        0,
        255
      ],
      [
        7536,
        0,
        255
      ],
      [
        7537,
        0,
        255
      ],
      [
        7538,
        0,
        255
      ],
      [
        7539,
        0,
        255
      ],
      [
        7540,
        0,
        255
      ],
      [
        7541,
        0,
        255
      ],
      [
        7542,
        0,
        255
      ],
      [
        7543,
        0,
        255
      ],
      [
        7544,
        0,
        255
      ],
      [
        7545,
        0,
        255
      ],
      [
        7546,
        0,
        255
      ],
      [
        7547,
        0,
        255
      ],
      [
        7548,
        0,
        255
      ],
      [
        7549,
        0,
        255
      ],
      [
        7550,
        0,
        255
      ],
      [
        7551,
        0,
        255
      ],
      [
        7552,
        0,
        255
      ],
      [
        7553,
        0,
        255
      ],
      [
        7554,
        0,
        255
      ],
      [
        7555,
        0,
        255
      ],
      [
        7556,
        0,
        255
      ],
      [
        7557,
        0,
        255
      ],
      [
        7558,
        0,
        255
      ],
      [
        7559,
        0,
        255
      ],
      [
        7560,
        0,
        255
      ],
      [
        7561,
        0,
        255
      ],
      [
        7562,
        0,
        255
      ],
      [
        7563,
        0,
        255
      ],
      [
        7564,
        0,
        255
      ],
      [
        7565,
        0,
        255
      ],
      [
        7566,
        0,
        255
      ],
      [
        7567,
        0,
        255
      ],
      [
        7568,
        0,
        255
      ],
      [
        7569,
        0,
        255
      ],
      [
        7570,
        0,
        255
      ],
      [
        7571,
        0,
        255
      ],
      [
        7572,
        0,
        255
      ],
      [
        7573,
        0,
        255
      ],
      [
        7574,
        0,
        255
      ],
      [
        7575,
        0,
        255
      ],
      [
        7576,
        0,
        255
      ],
      [
        7577,
        0,
        255
      ],
      [
        7578,
        0,
        255
      ],
      [
        7579,
        0,
        255
      ],
      [
        7580,
        0,
        255
      ],
      [
        7581,
        0,
        255
      ],
      [
        7582,
        0,
        255
      ],
      [
        7583,
        0,
        255
      ],
      [
        7584,
        0,
        255
      ],
      [
        7585,
        0,
        255
      ],
      [
        7586,
        0,
        255
      ],
      [
        7587,
        0,
        255
      ],
      [
        7588,
        0,
        255
      ],
      [
        7589,
        0,
        255
      ],
      [
        7590,
        0,
        255
      ],
      [
        7591,
        0,
        255
      ],
      [
        7592,
        0,
        255
      ],
      [
        7593,
        0,
        255
      ],
      [
        7594,
        0,
        255
      ],
      [
        7595,
        0,
        255
      ],
      [
        7596,
        0,
        255
      ],
      [
        7597,
        0,
        255
      ],
      [
        7598,
        0,
        255
      ],
      [
        7599,
        0,
        255
      ],
      [
        7600,
        0,
        255
      ],
      [
        7601,
        0,
        255
      ],
      [
        7602,
        0,
        255
      ],
      [
        7603,
        0,
        255
      ],
      [
        7604,
        0,
        255
      ],
      [
        7605,
        0,
        255
      ],
      [
        7606,
        0,
        255
      ],
      [
        7607,
        0,
        255
      ],
      [
        7608,
        0,
        255
      ],
      [
        7609,
        0,
        255
      ],
      [
        7610,
        0,
        255
      ],
      [
        7611,
        0,
        255
      ],
      [
        7612,
        0,
        255
      ],
      [
        7613,
        0,
        255
      ],
      [
        7614,
        0,
        255
      ],
      [
        7615,
        0,
        255
      ],
      [
        7616,
        0,
        255
      ],
      [
        7617,
        0,
        255
      ],
      [
        7618,
        0,
        255
      ],
      [
        7619,
        0,
        255
      ],
      [
        7620,
        0,
        255
      ],
      [
        7621,
        0,
        255
      ],
      [
        7622,
        0,
        255
      ],
      [
        7623,
        0,
        255
      ],
      [
        7624,
        0,
        255
      ],
      [
        7625,
        0,
        255
      ],
      [
        7626,
        0,
        255
      ],
      [
        7627,
        0,
        255
      ],
      [
        7628,
        0,
        255
      ],
      [
        7629,
        0,
        255
      ],
      [
        7630,
        0,
        255
      ],
      [
        7631,
        0,
        255
      ],
      [
        7632,
        0,
        255
      ],
      [
        7633,
        0,
        255
      ],
      [
        7634,
        0,
        255
      ],
      [
        7635,
        0,
        255
      ],
      [
        7636,
        0,
        255
      ],
      [
        7637,
        0,
        255
      ],
      [
        7638,
        0,
        255
      ],
      [
        7639,
        0,
        255
      ],
      [
        7640,
        0,
        255
      ],
      [
        7641,
        0,
        255
      ],
      [
        7642,
        0,
        255
      ],
      [
        7643,
        0,
        255
      ],
      [
        7644,
        0,
        255
      ],
      [
        7645,
        0,
        255
      ],
      [
        7646,
        0,
        255
      ],
      [
        7647,
        0,
        255
      ],
      [
        7648,
        0,
        255
      ],
      [
        7649,
        0,
        255
      ],
      [
        7650,
        0,
        255
      ],
      [
        7651,
        0,
        255
      ],
      [
        7652,
        0,
        255
      ],
      [
        7653,
        0,
        255
      ],
      [
        7654,
        0,
        255
      ],
      [
        7655,
        0,
        255
      ],
      [
        7656,
        0,
        255
      ],
      [
        7657,
        0,
        255
      ],
      [
        7658,
        0,
        255
      ],
      [
        7659,
        0,
        255
      ],
      [
        7660,
        0,
        255
      ],
      [
        7661,
        0,
        255
      ],
      [
        7662,
        0,
        255
      ],
      [
        7663,
        0,
        255
      ],
      [
        7664,
        0,
        255
      ],
      [
        7665,
        0,
        255
      ],
      [
        7666,
        0,
        255
      ],
      [
        7667,
        0,
        255
      ],
      [
        7668,
        0,
        255
      ],
      [
        7669,
        0,
        255
      ],
      [
        7670,
        0,
        255
      ],
      [
        7671,
        0,
        255
      ],
      [
        7672,
        0,
        255
      ],
      [
        7673,
        0,
        255
      ],
      [
        7674,
        0,
        255
      ],
      [
        7675,
        0,
        255
      ],
      [
        7676,
        0,
        255
      ],
      [
        7677,
        0,
        255
      ],
      [
        7678,
        0,
        255
      ],
      [
        7679,
        0,
        255
      ],
      [
        7680,
        0,
        255
      ],
      [
        7681,
        0,
        255
      ],
      [
        7682,
        0,
        255
      ],
      [
        7683,
        0,
        255
      ],
      [
        7684,
        0,
        255
      ],
      [
        7685,
        0,
        255
      ],
      [
        7686,
        0,
        255
      ],
      [
        7687,
        0,
        255
      ],
      [
        7688,
        0,
        255
      ],
      [
        7689,
        0,
        255
      ],
      [
        7690,
        0,
        255
      ],
      [
        7691,
        0,
        255
      ],
      [
        7692,
        0,
        255
      ],
      [
        7693,
        0,
        255
      ],
      [
        7694,
        0,
        255
      ],
      [
        7695,
        0,
        255
      ],
      [
        7696,
        0,
        255
      ],
      [
        7697,
        0,
        255
      ],
      [
        7698,
        0,
        255
      ],
      [
        7699,
        0,
        255
      ],
      [
        7700,
        0,
        255
      ],
      [
        7701,
        0,
        255
      ],
      [
        7702,
        0,
        255
      ],
      [
        7703,
        0,
        255
      ],
      [
        7704,
        0,
        255
      ],
      [
        7705,
        0,
        255
      ],
      [
        7706,
        0,
        255
      ],
      [
        7707,
        0,
        255
      ],
      [
        7708,
        0,
        255
      ],
      [
        7709,
        0,
        255
      ],
      [
        7710,
        0,
        255
      ],
      [
        7711,
        0,
        255
      ],
      [
        7712,
        0,
        255
      ],
      [
        7713,
        0,
        255
      ],
      [
        7714,
        0,
        255
      ],
      [
        7715,
        0,
        255
      ],
      [
        7716,
        0,
        255
      ],
      [
        7717,
        0,
        255
      ],
      [
        7718,
        0,
        255
      ],
      [
        7719,
        0,
        255
      ],
      [
        7720,
        0,
        255
      ],
      [
        7721,
        0,
        255
      ],
      [
        7722,
        0,
        255
      ],
      [
        7723,
        0,
        255
      ],
      [
        7724,
        0,
        255
      ],
      [
        7725,
        0,
        255
      ],
      [
        7726,
        0,
        255
      ],
      [
        7727,
        0,
        255
      ],
      [
        7728,
        0,
        255
      ],
      [
        7729,
        0,
        255
      ],
      [
        7730,
        0,
        255
      ],
      [
        7731,
        0,
        255
      ],
      [
        7732,
        0,
        255
      ],
      [
        7733,
        0,
        255
      ],
      [
        7734,
        0,
        255
      ],
      [
        7735,
        0,
        255
      ],
      [
        7736,
        0,
        255
      ],
      [
        7737,
        0,
        255
      ],
      [
        7738,
        0,
        255
      ],
      [
        7739,
        0,
        255
      ],
      [
        7740,
        0,
        255
      ],
      [
        7741,
        0,
        255
      ],
      [
        7742,
        0,
        255
      ],
      [
        7743,
        0,
        255
      ],
      [
        7744,
        0,
        255
      ],
      [
        7745,
        0,
        255
      ],
      [
        7746,
        0,
        255
      ],
      [
        7747,
        0,
        255
      ],
      [
        7748,
        0,
        255
      ],
      [
        7749,
        0,
        255
      ],
      [
        7750,
        0,
        255
      ],
      [
        7751,
        0,
        255
      ],
      [
        7752,
        0,
        255
      ],
      [
        7753,
        0,
        255
      ],
      [
        7754,
        0,
        255
      ],
      [
        7755,
        0,
        255
      ],
      [
        7756,
        0,
        255
      ],
      [
        7757,
        0,
        255
      ],
      [
        7758,
        0,
        255
      ],
      [
        7759,
        0,
        255
      ],
      [
        7760,
        0,
        255
      ],
      [
        7761,
        0,
        255
      ],
      [
        7762,
        0,
        255
      ],
      [
        7763,
        0,
        255
      ],
      [
        7764,
        0,
        255
      ],
      [
        7765,
        0,
        255
      ],
      [
        7766,
        0,
        255
      ],
      [
        7767,
        0,
        255
      ],
      [
        7768,
        0,
        255
      ],
      [
        7769,
        0,
        255
      ],
      [
        7770,
        0,
        255
      ],
      [
        7771,
        0,
        255
      ],
      [
        7772,
        0,
        255
      ],
      [
        7773,
        0,
        255
      ],
      [
        7774,
        0,
        255
      ],
      [
        7775,
        0,
        255
      ],
      [
        7776,
        0,
        255
      ],
      [
        7777,
        0,
        255
      ],
      [
        7778,
        0,
        255
      ],
      [
        7779,
        0,
        255
      ],
      [
        7780,
        0,
        255
      ],
      [
        7781,
        0,
        255
      ],
      [
        7782,
        0,
        255
      ],
      [
        7783,
        0,
        255
      ],
      [
        7784,
        0,
        255
      ],
      [
        7785,
        0,
        255
      ],
      [
        7786,
        0,
        255
      ],
      [
        7787,
        0,
        255
      ],
      [
        7788,
        0,
        255
      ],
      [
        7789,
        0,
        255
      ],
      [
        7790,
        0,
        255
      ],
      [
        7791,
        0,
        255
      ],
      [
        7792,
        0,
        255
      ],
      [
        7793,
        0,
        255
      ],
      [
        7794,
        0,
        255
      ],
      [
        7795,
        0,
        255
      ],
      [
        7796,
        0,
        255
      ],
      [
        7797,
        0,
        255
      ],
      [
        7798,
        0,
        255
      ],
      [
        7799,
        0,
        255
      ],
      [
        7800,
        0,
        255
      ],
      [
        7801,
        0,
        255
      ],
      [
        7802,
        0,
        255
      ],
      [
        7803,
        0,
        255
      ],
      [
        7804,
        0,
        255
      ],
      [
        7805,
        0,
        255
      ],
      [
        7806,
        0,
        255
      ],
      [
        7807,
        0,
        255
      ],
      [
        7808,
        0,
        255
      ],
      [
        7809,
        0,
        255
      ],
      [
        7810,
        0,
        255
      ],
      [
        7811,
        0,
        255
      ],
      [
        7812,
        0,
        255
      ],
      [
        7813,
        0,
        255
      ],
      [
        7814,
        0,
        255
      ],
      [
        7815,
        0,
        255
      ],
      [
        7816,
        0,
        255
      ],
      [
        7817,
        0,
        255
      ],
      [
        7818,
        0,
        255
      ],
      [
        7819,
        0,
        255
      ],
      [
        7820,
        0,
        255
      ],
      [
        7821,
        0,
        255
      ],
      [
        7822,
        0,
        255
      ],
      [
        7823,
        0,
        255
      ],
      [
        7824,
        0,
        255
      ],
      [
        7825,
        0,
        255
      ],
      [
        7826,
        0,
        255
      ],
      [
        7827,
        0,
        255
      ],
      [
        7828,
        0,
        255
      ],
      [
        7829,
        0,
        255
      ],
      [
        7830,
        0,
        255
      ],
      [
        7831,
        0,
        255
      ],
      [
        7832,
        0,
        255
      ],
      [
        7833,
        0,
        255
      ],
      [
        7834,
        0,
        255
      ],
      [
        7835,
        0,
        255
      ],
      [
        7836,
        0,
        255
      ],
      [
        7837,
        0,
        255
      ],
      [
        7838,
        0,
        255
      ],
      [
        7839,
        0,
        255
      ],
      [
        7840,
        0,
        255
      ],
      [
        7841,
        0,
        255
      ],
      [
        7842,
        0,
        255
      ],
      [
        7843,
        0,
        35
      ]
    ],
    "manifest_sha256": "47716da6c54649263a199d80c5f4e7c188f6ac070967018347d445fa05eb38f9"
  },
  "warm_started": true,
  "elapsed_seconds": 487.48489671599964,
  "end_to_end_supervised_tokens_per_second": 2051.3456042158837,
  "peak_allocated_mib": 1858.81787109375,
  "quality_status": "DIAGNOSTIC_ONLY_NOT_A_GENERALIZATION_CLAIM"
}
